inchikey,smiles_canonical,smiles_original,cas,name,chembl_id,endpoint,value,value_units,value_log,value_class,species,species_taxonomy,test_type,exposure_route,exposure_duration_h,effect,source,source_ref,source_record_id,year_reported,aggregation_n,aggregation_method,aggregation_cv,quality_flags
WSLDOOZREJYCGB-UHFFFAOYSA-N,ClCCCl,ClCCCl,107-06-2,,,daphnia_acute_ec50,159.05772445701265,mg/L,-2.789533934449272,,Daphnia magna,Animalia;Arthropoda;Crustacea;nan;Branchiopoda;Diplostraca;Daphniidae;Daphnia;Daphnia magna,in_vivo,aquatic,48.0,mortality,EPA ECOTOX ASCII,EPA ECOTOX,2708074,2023,7,geomean,0.44253106124328556,
ZPQOPVIELGIULI-UHFFFAOYSA-N,Clc1cccc(Cl)c1,Clc1cccc(Cl)c1,541-73-1,,,daphnia_acute_ec50,3.776181582704825,mg/L,-4.587207779354655,,Daphnia magna,Animalia;Arthropoda;Crustacea;nan;Branchiopoda;Diplostraca;Daphniidae;Daphnia;Daphnia magna,in_vivo,aquatic,48.0,mortality,EPA ECOTOX ASCII,EPA ECOTOX,2388733,2017,5,geomean,0.4517374123480998,
AVFZOVWCLRSYKC-UHFFFAOYSA-N,CN1CCCC1,CN1CCCC1,120-94-5,,,daphnia_acute_ec50,36.40690606798456,mg/L,-3.368690408691902,,Daphnia pulex,Animalia;Arthropoda;Crustacea;nan;Branchiopoda;Diplostraca;Daphniidae;Daphnia;Daphnia pulex,in_vivo,aquatic,48.0,mortality,EPA ECOTOX ASCII,EPA ECOTOX,100630,2020,3,geomean,1.72856384999381,"high_cv,species_secondary"
HWATZEJQIXKWQS-UHFFFAOYSA-N,COc1cc(OC)nc(NC(=O)NS(=O)(=O)c2ncccc2C(F)(F)F)n1,COc1cc(OC)nc(NC(=O)N[S](=O)(=O)c2ncccc2C(F)(F)F)n1,104040-78-0,,,daphnia_acute_ec50,106.0,mg/L,-3.5843430931969826,,Daphnia magna,Animalia;Arthropoda;Crustacea;nan;Branchiopoda;Diplostraca;Daphniidae;Daphnia;Daphnia magna,in_vivo,aquatic,48.0,mortality,EPA ECOTOX ASCII,EPA ECOTOX,2103311,2013,1,single,,
RZVAJINKPMORJF-UHFFFAOYSA-N,CC(=O)Nc1ccc(O)cc1,CC(=O)Nc1ccc(O)cc1,103-90-2,,,daphnia_acute_ec50,11.895687952358825,mg/L,-4.103769486455101,,Daphnia magna,Animalia;Arthropoda;Crustacea;nan;Branchiopoda;Diplostraca;Daphniidae;Daphnia;Daphnia magna,in_vivo,aquatic,48.0,mortality,EPA ECOTOX ASCII,EPA ECOTOX,2051746,2012,12,geomean,0.7805928230959611,high_cv
LCCNCVORNKJIRZ-UHFFFAOYSA-N,CCOP(=S)(OCC)Oc1ccc([N+](=O)[O-])cc1,CCO[P](=S)(OCC)Oc1ccc(cc1)[N+]([O-])=O,56-38-2,,,daphnia_acute_ec50,0.0016103335166084882,mg/L,-8.257026448921719,,Daphnia pulex,Animalia;Arthropoda;Crustacea;nan;Branchiopoda;Diplostraca;Daphniidae;Daphnia;Daphnia pulex,in_vivo,aquatic,48.0,mortality,EPA ECOTOX ASCII,EPA ECOTOX,606176,2012,13,geomean,0.9010127773441802,"high_cv,species_secondary"
DQKWXTIYGWPGOO-UHFFFAOYSA-N,CCCCCCCC(=O)Oc1c(Br)cc(C#N)cc1Br,CCCCCCCC(=O)Oc1c(Br)cc(cc1Br)C#N,1689-99-2,,,daphnia_acute_ec50,0.1300433982679243,mg/L,-6.489015558823929,,Daphnia magna,Animalia;Arthropoda;Crustacea;nan;Branchiopoda;Diplostraca;Daphniidae;Daphnia;Daphnia magna,in_vivo,aquatic,48.0,mortality,EPA ECOTOX ASCII,EPA ECOTOX,2019876,2012,46,geomean,2.5961672869700294,"extreme_variance,high_cv,species_secondary"
KAATUXNTWXVJKI-UHFFFAOYSA-N,CC1(C)C(C=C(Cl)Cl)C1C(=O)OC(C#N)c1cccc(Oc2ccccc2)c1,CC1(C)C(C=C(Cl)Cl)C1C(=O)OC(C#N)c2cccc(Oc3ccccc3)c2,52315-07-8,,,daphnia_acute_ec50,0.0004234585797621563,mg/L,-8.991314801703476,,Daphnia magna,Animalia;Arthropoda;Crustacea;nan;Branchiopoda;Diplostraca;Daphniidae;Daphnia;Daphnia magna,in_vivo,aquatic,48.0,mortality,EPA ECOTOX ASCII,EPA ECOTOX,726356,2008,8,geomean,0.5581810575073951,high_cv
KEQGZUUPPQEDPF-UHFFFAOYSA-N,CC1(C)C(=O)N(Cl)C(=O)N1Cl,CC1(C)N(Cl)C(=O)N(Cl)C1=O,118-52-5,,,daphnia_acute_ec50,0.551901089711888,mg/L,-5.550351904038376,,Daphnia magna,Animalia;Arthropoda;Crustacea;nan;Branchiopoda;Diplostraca;Daphniidae;Daphnia;Daphnia magna,in_vivo,aquatic,48.0,mortality,EPA ECOTOX ASCII,EPA ECOTOX,2117077,2013,4,geomean,0.3167626330748735,
BIWJNBZANLAXMG-UHFFFAOYSA-N,ClC1=C(Cl)C2(Cl)C3C(Cl)C(Cl)CC3C1(Cl)C2(Cl)Cl,ClC1CC2C(C1Cl)C3(Cl)C(=C(Cl)C2(Cl)C3(Cl)Cl)Cl,12789-03-6,,,daphnia_acute_ec50,0.07599145795038298,mg/L,-6.727544881011251,,Daphnia pulex,Animalia;Arthropoda;Crustacea;nan;Branchiopoda;Diplostraca;Daphniidae;Daphnia;Daphnia pulex,in_vivo,aquatic,48.0,mortality,EPA ECOTOX ASCII,EPA ECOTOX,601574,2012,3,geomean,0.6760970998057722,"high_cv,species_secondary"
BGZZWXTVIYUUEY-UHFFFAOYSA-N,CS(=O)(=O)NC(=O)c1cc(Oc2ccc(C(F)(F)F)cc2Cl)ccc1[N+](=O)[O-],[Na+].C[S](=O)(=O)[N-]C(=O)c1cc(Oc2ccc(cc2Cl)C(F)(F)F)ccc1[N+]([O-])=O,108731-70-0,,,daphnia_acute_ec50,341.640161573548,mg/L,-3.107895295620624,,Daphnia magna,Animalia;Arthropoda;Crustacea;nan;Branchiopoda;Diplostraca;Daphniidae;Daphnia;Daphnia magna,in_vivo,aquatic,48.0,mortality,EPA ECOTOX ASCII,EPA ECOTOX,2100192,2013,2,geomean,0.21080173216270448,
OWZREIFADZCYQD-IVAAQHKWSA-N,CC1(C)C(C(=O)O[C@H](C#N)c2cccc(Oc3ccccc3)c2)[C@@H]1C=C(Br)Br,CC1(C)[C@@H](C=C(Br)Br)[C@H]1C(=O)O[C@H](C#N)c2cccc(Oc3ccccc3)c2,52918-63-5,,,daphnia_acute_ec50,0.0006839777177802878,mg/L,-8.866502863411151,,Daphnia magna,Animalia;Arthropoda;Crustacea;nan;Branchiopoda;Diplostraca;Daphniidae;Daphnia;Daphnia magna,in_vivo,aquatic,48.0,mortality,EPA ECOTOX ASCII,EPA ECOTOX,2243531,2015,13,geomean,2.299778379497383,"extreme_variance,high_cv"
HGINCPLSRVDWNT-UHFFFAOYSA-N,C=CC=O,C=CC=O,107-02-8,,,daphnia_acute_ec50,0.045828328586785004,mg/L,-6.087257263284658,,Daphnia magna,Animalia;Arthropoda;Crustacea;nan;Branchiopoda;Diplostraca;Daphniidae;Daphnia;Daphnia magna,in_vivo,aquatic,48.0,mortality,EPA ECOTOX ASCII,EPA ECOTOX,2112074,2013,4,geomean,0.574947945293954,high_cv
QNBTYORWCCMPQP-JXAWBTAJSA-N,COc1ccc(/C(=C\C(=O)N2CCOCC2)c2ccc(Cl)cc2)cc1OC,COc1ccc(cc1OC)C(=C\C(=O)N2CCOCC2)/c3ccc(Cl)cc3,110488-70-5,,,daphnia_acute_ec50,10.6,mg/L,-4.562543934932335,,Daphnia magna,Animalia;Arthropoda;Crustacea;nan;Branchiopoda;Diplostraca;Daphniidae;Daphnia;Daphnia magna,in_vivo,aquatic,48.0,mortality,EPA ECOTOX ASCII,EPA ECOTOX,2115069,2013,1,single,,
URLKBWYHVLBVBO-UHFFFAOYSA-N,Cc1ccc(C)cc1,Cc1ccc(C)cc1,106-42-3,,,daphnia_acute_ec50,4.877694127351571,mg/L,-4.33741178486598,,Daphnia magna,Animalia;Arthropoda;Crustacea;nan;Branchiopoda;Diplostraca;Daphniidae;Daphnia;Daphnia magna,in_vivo,aquatic,48.0,mortality,EPA ECOTOX ASCII,EPA ECOTOX,181575,2018,2,geomean,0.043469679171304114,
RIZMRRKBZQXFOY-UHFFFAOYSA-N,CCOP(=S)(OCC)SCSP(=S)(OCC)OCC,CCO[P](=S)(OCC)SCS[P](=S)(OCC)OCC,563-12-2,,,daphnia_acute_ec50,0.00039597979746446634,mg/L,-8.986644189472598,,Daphnia magna,Animalia;Arthropoda;Crustacea;nan;Branchiopoda;Diplostraca;Daphniidae;Daphnia;Daphnia magna,in_vivo,aquatic,48.0,mortality,EPA ECOTOX ASCII,EPA ECOTOX,603710,2012,4,geomean,1.1094181643251635,"high_cv,species_secondary"
DIOZMSACJPTBST-UHFFFAOYSA-N,O=C(O)C1CC1C(=O)Nc1ccc(Cl)cc1Cl,OC(=O)C1CC1C(=O)Nc2ccc(Cl)cc2Cl,113136-77-9,,,daphnia_acute_ec50,8.06225774829855,mg/L,-4.5296995234677695,,Daphnia magna,Animalia;Arthropoda;Crustacea;nan;Branchiopoda;Diplostraca;Daphniidae;Daphnia;Daphnia magna,in_vivo,aquatic,48.0,mortality,EPA ECOTOX ASCII,EPA ECOTOX,2106282,2013,2,geomean,0.628539361054709,high_cv
RLLPVAHGXHCWKJ-KKFHFHRHSA-N,CC1(C)C(C(=O)OCc2cccc(Oc3ccccc3)c2)[C@@H]1C=C(Cl)Cl,CC1(C)[C@@H](C=C(Cl)Cl)[C@H]1C(=O)OCc2cccc(Oc3ccccc3)c2,52645-53-1,,,daphnia_acute_ec50,0.0012683607346052623,mg/L,-8.487909725914701,,Daphnia magna,Animalia;Arthropoda;Crustacea;nan;Branchiopoda;Diplostraca;Daphniidae;Daphnia;Daphnia magna,in_vivo,aquatic,48.0,mortality,EPA ECOTOX ASCII,EPA ECOTOX,2102771,2013,10,geomean,1.2697392885413668,high_cv
FSCWZHGZWWDELK-UHFFFAOYSA-N,C=CC1(C)OC(=O)N(c2cc(Cl)cc(Cl)c2)C1=O,CC1(OC(=O)N(C1=O)c2cc(Cl)cc(Cl)c2)C=C,50471-44-8,,,daphnia_acute_ec50,3.309078421554859,mg/L,-4.9351316265498255,,Daphnia magna,Animalia;Arthropoda;Crustacea;nan;Branchiopoda;Diplostraca;Daphniidae;Daphnia;Daphnia magna,in_vivo,aquatic,48.0,mortality,EPA ECOTOX ASCII,EPA ECOTOX,2104776,2013,2,geomean,0.1382314008334604,
VEVZCONIUDBCDC-UHFFFAOYSA-N,CC(C)C(O)(c1ccc(OC(F)(F)F)cc1)c1cncnc1,CC(C)C(O)(c1ccc(OC(F)(F)F)cc1)c2cncnc2,56425-91-3,,,daphnia_acute_ec50,11.024518130059018,mg/L,-4.451946067249167,,Daphnia magna,Animalia;Arthropoda;Crustacea;nan;Branchiopoda;Diplostraca;Daphniidae;Daphnia;Daphnia magna,in_vivo,aquatic,48.0,mortality,EPA ECOTOX ASCII,EPA ECOTOX,2106868,2013,2,geomean,0.09598734586242726,
FZRBKIRIBLNOAM-UHFFFAOYSA-N,C#CCOC(=O)C=C(C)C=CCC(C)CCCC(C)C,CC(C)CCCC(C)C\C=C\C(C)=C\C(=O)OCC#C,42588-37-4,,,daphnia_acute_ec50,0.1,mg/L,-6.44123771568393,,Daphnia magna,Animalia;Arthropoda;Crustacea;nan;Branchiopoda;Diplostraca;Daphniidae;Daphnia;Daphnia magna,in_vivo,aquatic,48.0,mortality,EPA ECOTOX ASCII,EPA ECOTOX,2109976,2013,1,single,,
HQUQLFOMPYWACS-UHFFFAOYSA-N,O=P(OCCCl)(OCCCl)OCCCl,ClCCO[P](=O)(OCCCl)OCCCl,115-96-8,,,daphnia_acute_ec50,173.72760589873195,mg/L,-3.2133789703213282,,Daphnia magna,Animalia;Arthropoda;Crustacea;nan;Branchiopoda;Diplostraca;Daphniidae;Daphnia;Daphnia magna,in_vivo,aquatic,48.0,mortality,EPA ECOTOX ASCII,EPA ECOTOX,2737925,2024,3,geomean,0.02609638119421284,
OCJBOOLMMGQPQU-UHFFFAOYSA-N,Clc1ccc(Cl)cc1,Clc1ccc(Cl)cc1,106-46-7,,,daphnia_acute_ec50,0.7,mg/L,-5.319162609095304,,Daphnia magna,Animalia;Arthropoda;Crustacea;nan;Branchiopoda;Diplostraca;Daphniidae;Daphnia;Daphnia magna,in_vivo,aquatic,48.0,mortality,EPA ECOTOX ASCII,EPA ECOTOX,68785,2018,1,single,,
INISTDXBRIBGOC-UHFFFAOYSA-N,CC(C)C(Nc1ccc(C(F)(F)F)cc1Cl)C(=O)OC(C#N)c1cccc(Oc2ccccc2)c1,CC(C)[C@@H](Nc1ccc(cc1Cl)C(F)(F)F)C(=O)OC(C#N)c2cccc(Oc3ccccc3)c2,102851-06-9,,,daphnia_acute_ec50,0.00094,mg/L,-8.727685811695222,,Daphnia magna,Animalia;Arthropoda;Crustacea;nan;Branchiopoda;Diplostraca;Daphniidae;Daphnia;Daphnia magna,in_vivo,aquatic,48.0,mortality,EPA ECOTOX ASCII,EPA ECOTOX,2105876,2013,1,single,,
JBDHZKLJNAIJNC-UHFFFAOYSA-N,C#CCOC(=O)C(C)Oc1ccc(Oc2ncc(Cl)cc2F)cc1,C[C@@H](Oc1ccc(Oc2ncc(Cl)cc2F)cc1)C(=O)OCC#C,105512-06-9,,,daphnia_acute_ec50,10.908712114635716,mg/L,-4.505116293977671,,Daphnia magna,Animalia;Arthropoda;Crustacea;nan;Branchiopoda;Diplostraca;Daphniidae;Daphnia;Daphnia magna,in_vivo,aquatic,48.0,mortality,EPA ECOTOX ASCII,EPA ECOTOX,2110424,2013,2,geomean,1.32223219246265,high_cv
BBEAQIROQSPTKN-UHFFFAOYSA-N,c1cc2ccc3cccc4ccc(c1)c2c34,c1cc2ccc3cccc4ccc(c1)c2c34,129-00-0,,,daphnia_acute_ec50,0.01567117327457857,mg/L,-7.110418060331407,,Daphnia magna,Animalia;Arthropoda;Crustacea;nan;Branchiopoda;Diplostraca;Daphniidae;Daphnia;Daphnia magna,in_vivo,aquatic,48.0,mortality,EPA ECOTOX ASCII,EPA ECOTOX,713288,2008,9,geomean,0.48760676654195373,
INFDPOAKFNIJBF-UHFFFAOYSA-N,C[n+]1ccc(-c2cc[n+](C)cc2)cc1,C[n+]1ccc(cc1)c2cc[n+](C)cc2,4685-14-7,,,daphnia_acute_ec50,9.235571257686924,mg/L,-4.304316682775091,,Daphnia magna,Animalia;Arthropoda;Crustacea;nan;Branchiopoda;Diplostraca;Daphniidae;Daphnia;Daphnia magna,in_vivo,aquatic,48.0,mortality,EPA ECOTOX ASCII,EPA ECOTOX,2352258,2016,4,geomean,0.7134304599173582,"high_cv,species_secondary"
CJTZDYDOPZRFTF-UHFFFAOYSA-N,CCCCCCCCCCC(C)c1ccc(S(=O)(=O)O)cc1,[Na+].CCCCCCCCCCC(C)c1ccc(cc1)[S]([O-])(=O)=O,42615-29-2,,,daphnia_acute_ec50,7.013723418107524,mg/L,-4.667524091757871,,Daphnia magna,Animalia;Arthropoda;Crustacea;nan;Branchiopoda;Diplostraca;Daphniidae;Daphnia;Daphnia magna,in_vivo,aquatic,48.0,mortality,EPA ECOTOX ASCII,EPA ECOTOX,2361841,2016,25,geomean,0.718239533098533,high_cv
GHXZTYHSJHQHIJ-UHFFFAOYSA-N,N=C(N=C(N)NCCCCCCN=C(N)N=C(N)Nc1ccc(Cl)cc1)Nc1ccc(Cl)cc1,CC(O)=O.CC(O)=O.NC(Nc1ccc(Cl)cc1)=NC(N)=NCCCCCCN=C(N)N=C(N)Nc2ccc(Cl)cc2,56-95-1,,,daphnia_acute_ec50,0.063,mg/L,-6.903265045039837,,Daphnia magna,Animalia;Arthropoda;Crustacea;nan;Branchiopoda;Diplostraca;Daphniidae;Daphnia;Daphnia magna,in_vivo,aquatic,48.0,mortality,EPA ECOTOX ASCII,EPA ECOTOX,2105312,2013,1,single,,
YZBOVSFWWNVKRJ-UHFFFAOYSA-N,CCCCOC(=O)c1ccccc1C(=O)O,CCCCOC(=O)c1ccccc1C(O)=O,131-70-4,,,daphnia_acute_ec50,190.99738218101322,mg/L,-3.0655000423385754,,Daphnia magna,Animalia;Arthropoda;Crustacea;nan;Branchiopoda;Diplostraca;Daphniidae;Daphnia;Daphnia magna,in_vivo,aquatic,48.0,mortality,EPA ECOTOX ASCII,EPA ECOTOX,2720728,2023,2,geomean,0.6712626586379208,high_cv
IDCPFAYURAQKDZ-UHFFFAOYSA-N,N=C(N)N[N+](=O)[O-],NC(N)=N[N+]([O-])=O,556-88-7,,,daphnia_acute_ec50,1024.0,mg/L,-2.0068729415108906,,Daphnia magna,Animalia;Arthropoda;Crustacea;nan;Branchiopoda;Diplostraca;Daphniidae;Daphnia;Daphnia magna,in_vivo,aquatic,48.0,mortality,EPA ECOTOX ASCII,EPA ECOTOX,2060841,2012,1,single,,
YVGGHNCTFXOJCH-UHFFFAOYSA-N,Clc1ccc(C(c2ccc(Cl)cc2)C(Cl)(Cl)Cl)cc1,Clc1ccc(cc1)C(c2ccc(Cl)cc2)C(Cl)(Cl)Cl,50-29-3,,,daphnia_acute_ec50,0.0011182786116736032,mg/L,-8.497887375768684,,Daphnia pulex,Animalia;Arthropoda;Crustacea;nan;Branchiopoda;Diplostraca;Daphniidae;Daphnia;Daphnia pulex,in_vivo,aquatic,48.0,mortality,EPA ECOTOX ASCII,EPA ECOTOX,100504,2020,10,geomean,0.8793211555849768,"high_cv,species_secondary"
PUYXTUJWRLOUCW-UHFFFAOYSA-N,CCCN(CC)CC1COC2(CCC(C(C)(C)C)CC2)O1,CCCN(CC)CC1COC2(CCC(CC2)C(C)(C)C)O1,118134-30-8,,,daphnia_acute_ec50,4.164132562731403,mg/L,-4.8536218313641655,,Daphnia magna,Animalia;Arthropoda;Crustacea;nan;Branchiopoda;Diplostraca;Daphniidae;Daphnia;Daphnia magna,in_vivo,aquatic,48.0,mortality,EPA ECOTOX ASCII,EPA ECOTOX,2111171,2013,2,geomean,0.6428243465332251,high_cv
KDFFXYVOTKKBDI-UHFFFAOYSA-N,CCNc1cccc2ccccc12,CCNc1cccc2ccccc12,118-44-5,,,daphnia_acute_ec50,0.7,mg/L,-5.388164151471041,,Daphnia magna,Animalia;Arthropoda;Crustacea;nan;Branchiopoda;Diplostraca;Daphniidae;Daphnia;Daphnia magna,in_vivo,aquatic,48.0,mortality,EPA ECOTOX ASCII,EPA ECOTOX,200084,2001,1,single,,
BSYNRYMUTXBXSQ-UHFFFAOYSA-N,CC(=O)Oc1ccccc1C(=O)O,CC(=O)Oc1ccccc1C(O)=O,50-78-2,,,daphnia_acute_ec50,215.80123211134716,mg/L,-2.9213205328335903,,Daphnia magna,Animalia;Arthropoda;Crustacea;nan;Branchiopoda;Diplostraca;Daphniidae;Daphnia;Daphnia magna,in_vivo,aquatic,48.0,mortality,EPA ECOTOX ASCII,EPA ECOTOX,2009319,2012,3,geomean,1.420288347702537,high_cv
HJJVPARKXDDIQD-UHFFFAOYSA-N,Clc1ccc(C2(Cn3cncn3)CC(Br)CO2)c(Cl)c1,Clc1ccc(c(Cl)c1)C2(CC(Br)CO2)Cn3cncn3,116255-48-2,,,daphnia_acute_ec50,0.8697700845625814,mg/L,-5.634573616863982,,Daphnia magna,Animalia;Arthropoda;Crustacea;nan;Branchiopoda;Diplostraca;Daphniidae;Daphnia;Daphnia magna,in_vivo,aquatic,48.0,mortality,EPA ECOTOX ASCII,EPA ECOTOX,2107508,2013,2,geomean,1.3874560436637542,high_cv
SIYLLGKDQZGJHK-UHFFFAOYSA-N,CC(C)(C)CC(C)(C)c1ccc(OCCOCC[N+](C)(C)Cc2ccccc2)cc1,[Cl-].CC(C)(C)CC(C)(C)c1ccc(OCCOCC[N+](C)(C)Cc2ccccc2)cc1,121-54-0,,,daphnia_acute_ec50,0.39,mg/L,-6.024170853797841,,Daphnia magna,Animalia;Arthropoda;Crustacea;nan;Branchiopoda;Diplostraca;Daphniidae;Daphnia;Daphnia magna,in_vivo,aquatic,48.0,mortality,EPA ECOTOX ASCII,EPA ECOTOX,2682674,2022,1,single,,
WJYIASZWHGOTOU-UHFFFAOYSA-N,CCCCCCCN,CCCCCCCN,111-68-2,,,daphnia_acute_ec50,9.4,mg/L,-4.088083659210834,,Daphnia magna,Animalia;Arthropoda;Crustacea;nan;Branchiopoda;Diplostraca;Daphniidae;Daphnia;Daphnia magna,in_vivo,aquatic,48.0,mortality,EPA ECOTOX ASCII,EPA ECOTOX,200104,2001,1,single,,
YXFVVABEGXRONW-UHFFFAOYSA-N,Cc1ccccc1,Cc1ccccc1,108-88-3,,,daphnia_acute_ec50,8.535420071842031,mg/L,-4.032858337295021,,Daphnia magna,Animalia;Arthropoda;Crustacea;nan;Branchiopoda;Diplostraca;Daphniidae;Daphnia;Daphnia magna,in_vivo,aquatic,48.0,mortality,EPA ECOTOX ASCII,EPA ECOTOX,181544,2018,4,geomean,0.6731632752362224,high_cv
NNKVPIKMPCQWCG-UHFFFAOYSA-N,COP(N)(=O)SC,CO[P](N)(=O)SC,10265-92-6,,,daphnia_acute_ec50,0.03274178649183319,mg/L,-6.634120855885918,,Daphnia magna,Animalia;Arthropoda;Crustacea;nan;Branchiopoda;Diplostraca;Daphniidae;Daphnia;Daphnia magna,in_vivo,aquatic,48.0,mortality,EPA ECOTOX ASCII,EPA ECOTOX,2115810,2013,3,geomean,0.39544489037701563,
QSNSCYSYFYORTR-UHFFFAOYSA-N,Nc1ccc(Cl)cc1,Nc1ccc(Cl)cc1,106-47-8,,,daphnia_acute_ec50,0.23929189431258913,mg/L,-5.72494028056781,,Daphnia magna,Animalia;Arthropoda;Crustacea;nan;Branchiopoda;Diplostraca;Daphniidae;Daphnia;Daphnia magna,in_vivo,aquatic,48.0,mortality,EPA ECOTOX ASCII,EPA ECOTOX,2455613,2019,3,geomean,0.23966371817435983,
NUPJIGQFXCQJBK-UHFFFAOYSA-N,COCc1cnc(C2=NC(=O)C(C)(C(C)C)N2)c(C(=O)O)c1,COCc1cnc(C2=NC(C)(C(C)C)C(=O)N2)c(c1)C(O)=O,114311-32-9,,,daphnia_acute_ec50,122.0,mg/L,-3.398135832877208,,Daphnia magna,Animalia;Arthropoda;Crustacea;nan;Branchiopoda;Diplostraca;Daphniidae;Daphnia;Daphnia magna,in_vivo,aquatic,48.0,mortality,EPA ECOTOX ASCII,EPA ECOTOX,2099501,2013,1,single,,
TYIYMOAHACZAMQ-UHFFFAOYSA-N,CCCCOC(=O)C(C)Oc1ccc(Oc2ccc(C#N)cc2F)cc1,CCCCOC(=O)[C@@H](C)Oc1ccc(Oc2ccc(cc2F)C#N)cc1,122008-85-9,,,daphnia_acute_ec50,5.402468007656222,mg/L,-4.820243416229807,,Daphnia magna,Animalia;Arthropoda;Crustacea;nan;Branchiopoda;Diplostraca;Daphniidae;Daphnia;Daphnia magna,in_vivo,aquatic,48.0,mortality,EPA ECOTOX ASCII,EPA ECOTOX,2111143,2013,3,geomean,1.6497290789709396,high_cv
DMBHHRLKUKUOEG-UHFFFAOYSA-N,c1ccc(Nc2ccccc2)cc1,N(c1ccccc1)c2ccccc2,122-39-4,,,daphnia_acute_ec50,1.2336183815950599,mg/L,-5.136934907325601,,Daphnia magna,Animalia;Arthropoda;Crustacea;nan;Branchiopoda;Diplostraca;Daphniidae;Daphnia;Daphnia magna,in_vivo,aquatic,48.0,mortality,EPA ECOTOX ASCII,EPA ECOTOX,2060856,2012,5,geomean,0.6853730192115935,high_cv
LVDKZNITIUWNER-UHFFFAOYSA-N,O=[N+]([O-])C(Br)(CO)CO,OCC(Br)(CO)[N+]([O-])=O,52-51-7,,,daphnia_acute_ec50,1.6,mg/L,-5.094619638100303,,Daphnia magna,Animalia;Arthropoda;Crustacea;nan;Branchiopoda;Diplostraca;Daphniidae;Daphnia;Daphnia magna,in_vivo,aquatic,48.0,mortality,EPA ECOTOX ASCII,EPA ECOTOX,2115490,2013,1,single,,
NJPPVKZQTLUDBO-UHFFFAOYSA-N,O=C(NC(=O)c1c(F)cccc1F)Nc1ccc(OC(F)(F)C(F)OC(F)(F)F)c(Cl)c1,FC(OC(F)(F)F)C(F)(F)Oc1ccc(NC(=O)NC(=O)c2c(F)cccc2F)cc1Cl,116714-46-6,,,daphnia_acute_ec50,0.00431,mg/L,-8.057498698843464,,Daphnia magna,Animalia;Arthropoda;Crustacea;nan;Branchiopoda;Diplostraca;Daphniidae;Daphnia;Daphnia magna,in_vivo,aquatic,48.0,mortality,EPA ECOTOX ASCII,EPA ECOTOX,2102217,2013,1,single,,
CWJSHJJYOPWUGX-UHFFFAOYSA-N,CC(C)OC(=O)Nc1cccc(Cl)c1,CC(C)OC(=O)Nc1cccc(Cl)c1,101-21-3,,,daphnia_acute_ec50,3.7,mg/L,-4.760291344481242,,Daphnia magna,Animalia;Arthropoda;Crustacea;nan;Branchiopoda;Diplostraca;Daphniidae;Daphnia;Daphnia magna,in_vivo,aquatic,48.0,mortality,EPA ECOTOX ASCII,EPA ECOTOX,2112981,2013,1,single,,
SPSSULHKWOKEEL-UHFFFAOYSA-N,Cc1c([N+](=O)[O-])cc([N+](=O)[O-])cc1[N+](=O)[O-],Cc1c(cc(cc1[N+]([O-])=O)[N+]([O-])=O)[N+]([O-])=O,118-96-7,,,daphnia_acute_ec50,12.890600688659386,mg/L,-4.245786821895869,,Daphnia magna,Animalia;Arthropoda;Crustacea;nan;Branchiopoda;Diplostraca;Daphniidae;Daphnia;Daphnia magna,in_vivo,aquatic,48.0,mortality,EPA ECOTOX ASCII,EPA ECOTOX,2060832,2012,3,geomean,0.13585820320538622,
TWFZGCMQGLPBSX-UHFFFAOYSA-N,COC(=O)Nc1nc2ccccc2[nH]1,COC(=O)Nc1[nH]c2ccccc2n1,10605-21-7,,,daphnia_acute_ec50,0.2224334474973893,mg/L,-5.933991220739753,,Daphnia magna,Animalia;Arthropoda;Crustacea;nan;Branchiopoda;Diplostraca;Daphniidae;Daphnia;Daphnia magna,in_vivo,aquatic,48.0,mortality,EPA ECOTOX ASCII,EPA ECOTOX,2431220,2018,6,geomean,1.3074603328625296,high_cv
ZZYSLNWGKKDOML-UHFFFAOYSA-N,CCc1nn(C)c(C(=O)NCc2ccc(C(C)(C)C)cc2)c1Cl,CCc1nn(C)c(C(=O)NCc2ccc(cc2)C(C)(C)C)c1Cl,119168-77-3,,,daphnia_acute_ec50,0.0402,mg/L,-6.918427830229147,,Daphnia magna,Animalia;Arthropoda;Crustacea;nan;Branchiopoda;Diplostraca;Daphniidae;Daphnia;Daphnia magna,in_vivo,aquatic,48.0,mortality,EPA ECOTOX ASCII,EPA ECOTOX,2106580,2013,1,single,,
KPWDGTGXUYRARH-UHFFFAOYSA-N,OCC(Cl)(Cl)Cl,OCC(Cl)(Cl)Cl,115-20-8,,,daphnia_acute_ec50,234.467179740934,mg/L,-2.799959364955434,,Daphnia magna,Animalia;Arthropoda;Crustacea;nan;Branchiopoda;Diplostraca;Daphniidae;Daphnia;Daphnia magna,in_vivo,aquatic,48.0,mortality,EPA ECOTOX ASCII,EPA ECOTOX,2455888,2019,3,geomean,0.25693264752312434,species_secondary
QGSRKGWCQSATCL-UHFFFAOYSA-N,O=c1ssc(Cl)c1Cl,ClC1=C(Cl)C(=O)SS1,1192-52-5,,,daphnia_acute_ec50,0.2853068523537422,mg/L,-5.81391289590889,,Daphnia magna,Animalia;Arthropoda;Crustacea;nan;Branchiopoda;Diplostraca;Daphniidae;Daphnia;Daphnia magna,in_vivo,aquatic,48.0,mortality,EPA ECOTOX ASCII,EPA ECOTOX,2103657,2013,2,geomean,1.4100153842092564,high_cv
LQDARGUHUSPFNL-UHFFFAOYSA-N,FC(F)C(F)(F)OCC(Cn1cncn1)c1ccc(Cl)cc1Cl,FC(F)C(F)(F)OCC(Cn1cncn1)c2ccc(Cl)cc2Cl,112281-77-3,,,daphnia_acute_ec50,2.841496084811661,mg/L,-5.115852050275668,,Daphnia magna,Animalia;Arthropoda;Crustacea;nan;Branchiopoda;Diplostraca;Daphniidae;Daphnia;Daphnia magna,in_vivo,aquatic,48.0,mortality,EPA ECOTOX ASCII,EPA ECOTOX,2106809,2013,2,geomean,0.10916736270950207,
HOKKPVIRMVDYPB-UHFFFAOYSA-N,N#CN=C1SCCN1Cc1ccc(Cl)nc1,Clc1ccc(CN2CCSC2=NC#N)cn1,111988-49-9,,,daphnia_acute_ec50,18.312649142436786,mg/L,-4.138690113683282,,Daphnia magna,Animalia;Arthropoda;Crustacea;nan;Branchiopoda;Diplostraca;Daphniidae;Daphnia;Daphnia magna,in_vivo,aquatic,48.0,mortality,EPA ECOTOX ASCII,EPA ECOTOX,2556707,2020,3,geomean,0.44055764045592505,
ICUTUKXCWQYESQ-UHFFFAOYSA-N,O=C(Nc1ccc(Cl)cc1)Nc1ccc(Cl)c(Cl)c1,Clc1ccc(NC(=O)Nc2ccc(Cl)c(Cl)c2)cc1,101-20-2,,,daphnia_acute_ec50,0.005900000000000001,mg/L,-7.726047270644545,,Daphnia magna,Animalia;Arthropoda;Crustacea;nan;Branchiopoda;Diplostraca;Daphniidae;Daphnia;Daphnia magna,in_vivo,aquatic,48.0,mortality,EPA ECOTOX ASCII,EPA ECOTOX,2601537,2021,1,single,,
YOYAIZYFCNQIRF-UHFFFAOYSA-N,N#Cc1c(Cl)cccc1Cl,Clc1cccc(Cl)c1C#N,1194-65-6,,,daphnia_acute_ec50,6.121593274209693,mg/L,-4.446040845546996,,Daphnia pulex,Animalia;Arthropoda;Crustacea;nan;Branchiopoda;Diplostraca;Daphniidae;Daphnia;Daphnia pulex,in_vivo,aquatic,48.0,mortality,EPA ECOTOX ASCII,EPA ECOTOX,602763,2012,3,geomean,0.4782325227327691,species_secondary
IVSZLXZYQVIEFR-UHFFFAOYSA-N,Cc1cccc(C)c1,Cc1cccc(C)c1,108-38-3,,,daphnia_acute_ec50,6.2436440589119915,mg/L,-4.230188211165006,,Daphnia magna,Animalia;Arthropoda;Crustacea;nan;Branchiopoda;Diplostraca;Daphniidae;Daphnia;Daphnia magna,in_vivo,aquatic,48.0,mortality,EPA ECOTOX ASCII,EPA ECOTOX,2806534,2025,3,geomean,0.7457281864254853,high_cv
PPBRXRYQALVLMV-UHFFFAOYSA-N,C=Cc1ccccc1,C=Cc1ccccc1,100-42-5,,,daphnia_acute_ec50,4.7,mg/L,-4.3451968156589285,,Daphnia magna,Animalia;Arthropoda;Crustacea;nan;Branchiopoda;Diplostraca;Daphniidae;Daphnia;Daphnia magna,in_vivo,aquatic,48.0,mortality,EPA ECOTOX ASCII,EPA ECOTOX,180720,2000,1,single,,
JECYUBVRTQDVAT-UHFFFAOYSA-N,CC(=O)c1ccccc1O,CC(=O)c1ccccc1O,118-93-4,,,daphnia_acute_ec50,51.85942537282882,mg/L,-3.418878601136409,,Daphnia magna,Animalia;Arthropoda;Crustacea;nan;Branchiopoda;Diplostraca;Daphniidae;Daphnia;Daphnia magna,in_vivo,aquatic,48.0,mortality,EPA ECOTOX ASCII,EPA ECOTOX,2115247,2013,2,geomean,0.12090778775331935,
WCEIQUQVIOGRBF-ZYBGGCANSA-N,CC1(C)CCC[C@@]2(C)[C@@H]3CC4C([C@@H]31)C42C,CC1(C)CCC[C@@]2(C)[C@@H]3CC4C([C@H]13)C24C,1137-12-8,,,daphnia_acute_ec50,0.065,mg/L,-6.497116434891558,,Daphnia pulex,Animalia;Arthropoda;Crustacea;nan;Branchiopoda;Diplostraca;Daphniidae;Daphnia;Daphnia pulex,in_vivo,aquatic,48.0,mortality,EPA ECOTOX ASCII,EPA ECOTOX,208957,2002,1,single,,species_secondary
CWFOCCVIPCEQCK-UHFFFAOYSA-N,CCOCn1c(-c2ccc(Cl)cc2)c(C#N)c(Br)c1C(F)(F)F,CCOCn1c(c2ccc(Cl)cc2)c(C#N)c(Br)c1C(F)(F)F,122453-73-0,,,daphnia_acute_ec50,0.0078,mg/L,-7.716398844112778,,Daphnia magna,Animalia;Arthropoda;Crustacea;nan;Branchiopoda;Diplostraca;Daphniidae;Daphnia;Daphnia magna,in_vivo,aquatic,48.0,mortality,EPA ECOTOX ASCII,EPA ECOTOX,2104414,2013,1,single,,
UUIVKBHZENILKB-UHFFFAOYSA-N,N#CC(Br)(Br)C(N)=O,NC(=O)C(Br)(Br)C#N,10222-01-2,,,daphnia_acute_ec50,0.8797726979169108,mg/L,-5.435575375021015,,Daphnia magna,Animalia;Arthropoda;Crustacea;nan;Branchiopoda;Diplostraca;Daphniidae;Daphnia;Daphnia magna,in_vivo,aquatic,48.0,mortality,EPA ECOTOX ASCII,EPA ECOTOX,2102915,2013,2,geomean,0.03214121732666128,
XDDAORKBJWWYJS-UHFFFAOYSA-N,O=C(O)CNCP(=O)(O)O,OC(=O)CNC[P](O)(O)=O,1071-83-6,,,daphnia_acute_ec50,60.738543472295376,mg/L,-3.444458330070676,,Daphnia magna,Animalia;Arthropoda;Crustacea;nan;Branchiopoda;Diplostraca;Daphniidae;Daphnia;Daphnia magna,in_vivo,aquatic,48.0,mortality,EPA ECOTOX ASCII,EPA ECOTOX,156521,2019,8,geomean,2.2046678329982035,high_cv
OQMBBFQZGJFLBU-UHFFFAOYSA-N,CCOc1cc(Oc2ccc(C(F)(F)F)cc2Cl)ccc1[N+](=O)[O-],CCOc1cc(Oc2ccc(cc2Cl)C(F)(F)F)ccc1[N+]([O-])=O,42874-03-3,,,daphnia_acute_ec50,0.34641016151377546,mg/L,-6.017956120944038,,Daphnia magna,Animalia;Arthropoda;Crustacea;nan;Branchiopoda;Diplostraca;Daphniidae;Daphnia;Daphnia magna,in_vivo,aquatic,48.0,mortality,EPA ECOTOX ASCII,EPA ECOTOX,2112792,2013,2,geomean,1.271002062385946,high_cv
FIPWRIJSWJWJAI-UHFFFAOYSA-N,CCCCOCCOCCOCc1cc2c(cc1CCC)OCO2,CCCCOCCOCCOCc1cc2OCOc2cc1CCC,51-03-6,,,daphnia_acute_ec50,1.0457370742283187,mg/L,-5.50976307123474,,Daphnia magna,Animalia;Arthropoda;Crustacea;nan;Branchiopoda;Diplostraca;Daphniidae;Daphnia;Daphnia magna,in_vivo,aquatic,48.0,mortality,EPA ECOTOX ASCII,EPA ECOTOX,779649,2010,2,geomean,0.8707457647749296,high_cv
NEUSVAOJNUQRTM-UHFFFAOYSA-N,CCCCCCCCCCCCCCCC[n+]1ccccc1,[Cl-].CCCCCCCCCCCCCCCC[n+]1ccccc1,123-03-5,,,daphnia_acute_ec50,0.00736,mg/L,-7.616423961956665,,Daphnia magna,Animalia;Arthropoda;Crustacea;nan;Branchiopoda;Diplostraca;Daphniidae;Daphnia;Daphnia magna,in_vivo,aquatic,48.0,mortality,EPA ECOTOX ASCII,EPA ECOTOX,2099745,2013,1,single,,
FJDUDHYHRVPMJZ-UHFFFAOYSA-N,CCCCCCCCCN,[Cl-].CCCCCCCCC[NH3+],112-20-9,,,daphnia_acute_ec50,1.6,mg/L,-4.951724154349461,,Daphnia magna,Animalia;Arthropoda;Crustacea;nan;Branchiopoda;Diplostraca;Daphniidae;Daphnia;Daphnia magna,in_vivo,aquatic,48.0,mortality,EPA ECOTOX ASCII,EPA ECOTOX,199585,2001,1,single,,
JHVLLYQQQYIWKX-UHFFFAOYSA-N,O=C(CBr)OCc1ccccc1,BrCC(=O)OCc1ccccc1,5437-45-6,,,daphnia_acute_ec50,0.23,mg/L,-5.99616623039358,,Daphnia magna,Animalia;Arthropoda;Crustacea;nan;Branchiopoda;Diplostraca;Daphniidae;Daphnia;Daphnia magna,in_vivo,aquatic,48.0,mortality,EPA ECOTOX ASCII,EPA ECOTOX,2111410,2013,1,single,,
PXMNMQRDXWABCY-UHFFFAOYSA-N,CC(C)(C)C(O)(CCc1ccc(Cl)cc1)Cn1cncn1,CC(C)(C)C(O)(CCc1ccc(Cl)cc1)Cn2cncn2,107534-96-3,,,daphnia_acute_ec50,4.636530693096856,mg/L,-4.821150508724994,,Daphnia magna,Animalia;Arthropoda;Crustacea;nan;Branchiopoda;Diplostraca;Daphniidae;Daphnia;Daphnia magna,in_vivo,aquatic,48.0,mortality,EPA ECOTOX ASCII,EPA ECOTOX,2489219,2019,4,geomean,0.7299970201424779,high_cv
PNVJTZOFSHSLTO-UHFFFAOYSA-N,COP(=S)(OC)Oc1ccc(SC)c(C)c1,CO[P](=S)(OC)Oc1ccc(SC)c(C)c1,55-38-9,,,daphnia_acute_ec50,0.005867924909765955,mg/L,-7.675591527224144,,Daphnia pulex,Animalia;Arthropoda;Crustacea;nan;Branchiopoda;Diplostraca;Daphniidae;Daphnia;Daphnia pulex,in_vivo,aquatic,48.0,mortality,EPA ECOTOX ASCII,EPA ECOTOX,604120,2012,4,geomean,1.50112772063633,"high_cv,species_secondary"
QAOWNCQODCNURD-UHFFFAOYSA-N,O=S(=O)(O)O,[Cd++].[O-][S]([O-])(=O)=O,10124-36-4,,,daphnia_acute_ec50,0.14396320606499385,mg/L,-5.8328299817467535,,Daphnia magna,Animalia;Arthropoda;Crustacea;nan;Branchiopoda;Diplostraca;Daphniidae;Daphnia;Daphnia magna,in_vivo,aquatic,48.0,mortality,EPA ECOTOX ASCII,EPA ECOTOX,235906,2007,4,geomean,1.5109792541613503,high_cv
HFZWRUODUSTPEG-UHFFFAOYSA-N,Oc1ccc(Cl)cc1Cl,Oc1ccc(Cl)cc1Cl,120-83-2,,,daphnia_acute_ec50,2.129551540353978,mg/L,-4.881130124183048,,Daphnia magna,Animalia;Arthropoda;Crustacea;nan;Branchiopoda;Diplostraca;Daphniidae;Daphnia;Daphnia magna,in_vivo,aquatic,48.0,mortality,EPA ECOTOX ASCII,EPA ECOTOX,2309502,2018,2,geomean,0.5606760870620585,high_cv
ATGUVEKSASEFFO-UHFFFAOYSA-N,Nc1ccc(Nc2ccccc2)cc1,Nc1ccc(Nc2ccccc2)cc1,101-54-2,,,daphnia_acute_ec50,0.37,mg/L,-5.696852178575539,,Daphnia magna,Animalia;Arthropoda;Crustacea;nan;Branchiopoda;Diplostraca;Daphniidae;Daphnia;Daphnia magna,in_vivo,aquatic,48.0,mortality,EPA ECOTOX ASCII,EPA ECOTOX,202324,2001,1,single,,
WVQBLGZPHOPPFO-UHFFFAOYSA-N,CCc1cccc(C)c1N(C(=O)CCl)C(C)COC,CCc1cccc(C)c1N(C(C)COC)C(=O)CCl,51218-45-2,,,daphnia_acute_ec50,20.08948388950455,mg/L,-4.14902310168271,,Daphnia magna,Animalia;Arthropoda;Crustacea;nan;Branchiopoda;Diplostraca;Daphniidae;Daphnia;Daphnia magna,in_vivo,aquatic,48.0,mortality,EPA ECOTOX ASCII,EPA ECOTOX,2099607,2013,7,geomean,0.6690612568801406,high_cv
CCEKAJIANROZEO-UHFFFAOYSA-N,CCNS(=O)(=O)C(F)(F)C(F)(F)C(F)(F)C(F)(F)C(F)(F)C(F)(F)C(F)(F)C(F)(F)F,CCN[S](=O)(=O)C(F)(F)C(F)(F)C(F)(F)C(F)(F)C(F)(F)C(F)(F)C(F)(F)C(F)(F)F,4151-50-2,,,daphnia_acute_ec50,1.3328887406583814,mg/L,-5.597004172376348,,Daphnia magna,Animalia;Arthropoda;Crustacea;nan;Branchiopoda;Diplostraca;Daphniidae;Daphnia;Daphnia magna,in_vivo,aquatic,48.0,mortality,EPA ECOTOX ASCII,EPA ECOTOX,2531507,2020,3,geomean,0.7650453532755753,high_cv
IVENSCMCQBJAKW-UHFFFAOYSA-N,CCNc1nc(N)nc(Cl)n1,CCNc1nc(N)nc(Cl)n1,1007-28-9,,,daphnia_acute_ec50,34.5,mg/L,-3.7003445351732847,,Daphnia magna,Animalia;Arthropoda;Crustacea;nan;Branchiopoda;Diplostraca;Daphniidae;Daphnia;Daphnia magna,in_vivo,aquatic,48.0,mortality,EPA ECOTOX ASCII,EPA ECOTOX,2459646,2019,1,single,,
VGPIBGGRCVEHQZ-UHFFFAOYSA-N,CC(C)(C)C(O)C(Oc1ccc(-c2ccccc2)cc1)n1cncn1,CC(C)(C)C(O)C(Oc1ccc(cc1)c2ccccc2)n3cncn3,55179-31-2,,,daphnia_acute_ec50,5.735852159879994,mg/L,-4.769262604071828,,Daphnia magna,Animalia;Arthropoda;Crustacea;nan;Branchiopoda;Diplostraca;Daphniidae;Daphnia;Daphnia magna,in_vivo,aquatic,48.0,mortality,EPA ECOTOX ASCII,EPA ECOTOX,2114630,2013,2,geomean,0.2780077943126597,
BAZVSMNPJJMILC-UHFFFAOYSA-N,CC(C)(C)C(O)C(Oc1ccc(Cl)cc1)n1cncn1,CC(C)(C)C(O)C(Oc1ccc(Cl)cc1)n2cncn2,55219-65-3,,,daphnia_acute_ec50,2.5,mg/L,-5.072042084504337,,Daphnia magna,Animalia;Arthropoda;Crustacea;nan;Branchiopoda;Diplostraca;Daphniidae;Daphnia;Daphnia magna,in_vivo,aquatic,48.0,mortality,EPA ECOTOX ASCII,EPA ECOTOX,2105433,2013,1,single,,
RLGQACBPNDBWTB-UHFFFAOYSA-N,CCCCCCCCCCCCCCCC[N+](C)(C)C,[Cl-].CCCCCCCCCCCCCCCC[N+](C)(C)C,112-02-7,,,daphnia_acute_ec50,0.0149,mg/L,-7.280638214050801,,Daphnia magna,Animalia;Arthropoda;Crustacea;nan;Branchiopoda;Diplostraca;Daphniidae;Daphnia;Daphnia magna,in_vivo,aquatic,48.0,mortality,EPA ECOTOX ASCII,EPA ECOTOX,2683306,2022,1,single,,
VAOCPAMSLUNLGC-UHFFFAOYSA-N,Cc1ncc([N+](=O)[O-])n1CCO,Cc1ncc(n1CCO)[N+]([O-])=O,443-48-1,,,daphnia_acute_ec50,459.34736311423427,mg/L,-2.571018388336487,,Daphnia magna,Animalia;Arthropoda;Crustacea;nan;Branchiopoda;Diplostraca;Daphniidae;Daphnia;Daphnia magna,in_vivo,aquatic,48.0,mortality,EPA ECOTOX ASCII,EPA ECOTOX,2111622,2013,2,geomean,0.9213992574008025,high_cv
JLTDJTHDQAWBAV-UHFFFAOYSA-N,CN(C)c1ccccc1,CN(C)c1ccccc1,121-69-7,,,daphnia_acute_ec50,5.613376880274474,mg/L,-4.333881026711459,,Daphnia magna,Animalia;Arthropoda;Crustacea;nan;Branchiopoda;Diplostraca;Daphniidae;Daphnia;Daphnia magna,in_vivo,aquatic,48.0,mortality,EPA ECOTOX ASCII,EPA ECOTOX,199610,2001,2,geomean,1.0076271631908302,high_cv
GYSSRZJIHXQEHQ-UHFFFAOYSA-N,CC1=C(C(=O)Nc2ccccc2)SCCO1,CC1=C(SCCO1)C(=O)Nc2ccccc2,5234-68-4,,,daphnia_acute_ec50,69.3599307958132,mg/L,-3.530082458707575,,Daphnia magna,Animalia;Arthropoda;Crustacea;nan;Branchiopoda;Diplostraca;Daphniidae;Daphnia;Daphnia magna,in_vivo,aquatic,48.0,mortality,EPA ECOTOX ASCII,EPA ECOTOX,2109322,2013,2,geomean,0.2740413833735701,
VSVAQRUUFVBBFS-UHFFFAOYSA-N,O=c1c(C2CC(c3ccc(-c4ccc(Br)cc4)cc3)Cc3ccccc32)c(O)sc2ccccc12,OC1=C(C2CC(Cc3ccccc23)c4ccc(cc4)c5ccc(Br)cc5)C(=O)c6ccccc6S1,104653-34-1,,,daphnia_acute_ec50,0.0044,mg/L,-8.087378202792443,,Daphnia magna,Animalia;Arthropoda;Crustacea;nan;Branchiopoda;Diplostraca;Daphniidae;Daphnia;Daphnia magna,in_vivo,aquatic,48.0,mortality,EPA ECOTOX ASCII,EPA ECOTOX,2101466,2013,1,single,,
BTJIUGUIPKRLHP-UHFFFAOYSA-N,O=[N+]([O-])c1ccc(O)cc1,Oc1ccc(cc1)[N+]([O-])=O,100-02-7,,,daphnia_acute_ec50,10.929204819337874,mg/L,-4.104510408470391,,Daphnia magna,Animalia;Arthropoda;Crustacea;nan;Branchiopoda;Diplostraca;Daphniidae;Daphnia;Daphnia magna,in_vivo,aquatic,48.0,mortality,EPA ECOTOX ASCII,EPA ECOTOX,2105127,2013,5,geomean,0.8934479865026056,high_cv
AMEKQAFGQBKLKX-UHFFFAOYSA-N,CC1=C(C(=O)Nc2ccccc2)S(=O)(=O)CCO1,CC1=C(C(=O)Nc2ccccc2)[S](=O)(=O)CCO1,5259-88-1,,,daphnia_acute_ec50,69.1,mg/L,-3.587125152526334,,Daphnia magna,Animalia;Arthropoda;Crustacea;nan;Branchiopoda;Diplostraca;Daphniidae;Daphnia;Daphnia magna,in_vivo,aquatic,48.0,mortality,EPA ECOTOX ASCII,EPA ECOTOX,2112235,2013,1,single,,
BXJHOKLLMOYSRQ-WFKFFMJQSA-N,CCCC/C=C/CC/C=C\CCCCCCOC(C)=O,CCCC/C=C/CC\C=C/CCCCCCOC(C)=O,53042-79-8,,,daphnia_acute_ec50,0.5157644098096541,mg/L,-5.735079110698084,,Daphnia magna,Animalia;Arthropoda;Crustacea;nan;Branchiopoda;Diplostraca;Daphniidae;Daphnia;Daphnia magna,in_vivo,aquatic,48.0,mortality,EPA ECOTOX ASCII,EPA ECOTOX,2104111,2013,3,geomean,0.4330127018922193,
QYMMJNLHFKGANY-UHFFFAOYSA-N,CCCSP(=O)(OCC)Oc1ccc(Br)cc1Cl,CCCS[P](=O)(OCC)Oc1ccc(Br)cc1Cl,41198-08-7,,,daphnia_acute_ec50,0.0011407985934268874,mg/L,-8.513258236943965,,Daphnia magna,Animalia;Arthropoda;Crustacea;nan;Branchiopoda;Diplostraca;Daphniidae;Daphnia;Daphnia magna,in_vivo,aquatic,48.0,mortality,EPA ECOTOX ASCII,EPA ECOTOX,2112008,2013,5,geomean,0.6566015455239476,high_cv
UFBJCMHMOXMLKC-UHFFFAOYSA-N,O=[N+]([O-])c1ccc(O)c([N+](=O)[O-])c1,[Na+].[O-]c1ccc(cc1[N+]([O-])=O)[N+]([O-])=O,1011-73-0,,,daphnia_acute_ec50,5.636915973998958,mg/L,-4.513804634629579,,Daphnia magna,Animalia;Arthropoda;Crustacea;nan;Branchiopoda;Diplostraca;Daphniidae;Daphnia;Daphnia magna,in_vivo,aquatic,48.0,mortality,EPA ECOTOX ASCII,EPA ECOTOX,2703344,2023,3,geomean,0.8233537894717885,high_cv
RQDJADAKIFFEKQ-UHFFFAOYSA-N,N#CC(CCc1ccc(Cl)cc1)(Cn1cncn1)c1ccccc1,Clc1ccc(CCC(Cn2cncn2)(C#N)c3ccccc3)cc1,114369-43-6,,,daphnia_acute_ec50,2.3,mg/L,-5.164758991410139,,Daphnia magna,Animalia;Arthropoda;Crustacea;nan;Branchiopoda;Diplostraca;Daphniidae;Daphnia;Daphnia magna,in_vivo,aquatic,48.0,mortality,EPA ECOTOX ASCII,EPA ECOTOX,2110044,2013,1,single,,
XZZNDPSIHUTMOC-UHFFFAOYSA-N,O=P(Oc1ccccc1)(Oc1ccccc1)Oc1ccccc1,O=[P](Oc1ccccc1)(Oc2ccccc2)Oc3ccccc3,115-86-6,,,daphnia_acute_ec50,1.0005932219228324,mg/L,-5.513054346502337,,Daphnia magna,Animalia;Arthropoda;Crustacea;nan;Branchiopoda;Diplostraca;Daphniidae;Daphnia;Daphnia magna,in_vivo,aquatic,48.0,mortality,EPA ECOTOX ASCII,EPA ECOTOX,2483826,2019,4,geomean,0.35709968432414785,
WURBVZBTWMNKQT-UHFFFAOYSA-N,CC(C)(C)C(=O)C(Oc1ccc(Cl)cc1)n1cncn1,CC(C)(C)C(=O)C(Oc1ccc(Cl)cc1)n2cncn2,43121-43-3,,,daphnia_acute_ec50,7.45034327569878,mg/L,-4.594829317568389,,Daphnia magna,Animalia;Arthropoda;Crustacea;nan;Branchiopoda;Diplostraca;Daphniidae;Daphnia;Daphnia magna,in_vivo,aquatic,48.0,mortality,EPA ECOTOX ASCII,EPA ECOTOX,2102739,2013,5,geomean,0.5798783424728624,high_cv
REEQLXCGVXDJSQ-UHFFFAOYSA-N,O=C(O)COc1nc(Cl)c(Cl)cc1Cl,OC(=O)COc1nc(Cl)c(Cl)cc1Cl,55335-06-3,,,daphnia_acute_ec50,132.9,mg/L,-3.2828885987230767,,Daphnia magna,Animalia;Arthropoda;Crustacea;nan;Branchiopoda;Diplostraca;Daphniidae;Daphnia;Daphnia magna,in_vivo,aquatic,48.0,mortality,EPA ECOTOX ASCII,EPA ECOTOX,2109836,2013,2,geomean,0.0,
FJDPATXIBIBRIM-UHFFFAOYSA-N,CC(C)=CC1C(C(=O)OC(C#N)c2cccc(Oc3ccccc3)c2)C1(C)C,CC(C)=CC1C(C(=O)OC(C#N)c2cccc(Oc3ccccc3)c2)C1(C)C,39515-40-7,,,daphnia_acute_ec50,0.0006289674077406553,mg/L,-8.775615523836807,,Daphnia magna,Animalia;Arthropoda;Crustacea;nan;Branchiopoda;Diplostraca;Daphniidae;Daphnia;Daphnia magna,in_vivo,aquatic,48.0,mortality,EPA ECOTOX ASCII,EPA ECOTOX,2104194,2013,2,geomean,0.5133071448613457,high_cv
BACHBFVBHLGWSL-UHFFFAOYSA-N,COC(=O)C(C)Oc1ccc(Oc2ccc(Cl)cc2Cl)cc1,COC(=O)C(C)Oc1ccc(Oc2ccc(Cl)cc2Cl)cc1,51338-27-3,,,daphnia_acute_ec50,0.7090586711991945,mg/L,-5.680831121837533,,Daphnia magna,Animalia;Arthropoda;Crustacea;nan;Branchiopoda;Diplostraca;Daphniidae;Daphnia;Daphnia magna,in_vivo,aquatic,48.0,mortality,EPA ECOTOX ASCII,EPA ECOTOX,2102633,2013,4,geomean,0.7883898264935427,high_cv
QTYCMDBMOLSEAM-UHFFFAOYSA-N,CC(C)C1CCC(Cc2ccc(Cl)cc2)C1(O)Cn1cncn1,CC(C)C1CCC(Cc2ccc(Cl)cc2)C1(O)Cn3cncn3,125225-28-7,,,daphnia_acute_ec50,1.7,mg/L,-5.292204961935343,,Daphnia magna,Animalia;Arthropoda;Crustacea;nan;Branchiopoda;Diplostraca;Daphniidae;Daphnia;Daphnia magna,in_vivo,aquatic,48.0,mortality,EPA ECOTOX ASCII,EPA ECOTOX,2099187,2013,1,single,,
TYMLOMAKGOJONV-UHFFFAOYSA-N,Nc1ccc([N+](=O)[O-])cc1,Nc1ccc(cc1)[N+]([O-])=O,100-01-6,,,daphnia_acute_ec50,17.0,mg/L,-3.909565239282344,,Daphnia magna,Animalia;Arthropoda;Crustacea;nan;Branchiopoda;Diplostraca;Daphniidae;Daphnia;Daphnia magna,in_vivo,aquatic,48.0,mortality,EPA ECOTOX ASCII,EPA ECOTOX,199616,2001,1,single,,
BQYJATMQXGBDHF-UHFFFAOYSA-N,CC1COC(Cn2cncn2)(c2ccc(Oc3ccc(Cl)cc3)cc2Cl)O1,CC1COC(Cn2cncn2)(O1)c3ccc(Oc4ccc(Cl)cc4)cc3Cl,119446-68-3,,,daphnia_acute_ec50,0.7064274247318318,mg/L,-5.758456843129707,,Daphnia magna,Animalia;Arthropoda;Crustacea;nan;Branchiopoda;Diplostraca;Daphniidae;Daphnia;Daphnia magna,in_vivo,aquatic,48.0,mortality,EPA ECOTOX ASCII,EPA ECOTOX,2107804,2013,2,geomean,0.12156211499508361,
QYPNKSZPJQQLRK-UHFFFAOYSA-N,CCc1ccc(C(=O)NN(C(=O)c2cc(C)cc(C)c2)C(C)(C)C)cc1,CCc1ccc(cc1)C(=O)NN(C(=O)c2cc(C)cc(C)c2)C(C)(C)C,112410-23-8,,,daphnia_acute_ec50,13.364131097830487,mg/L,-4.42086721666361,,Daphnia magna,Animalia;Arthropoda;Crustacea;nan;Branchiopoda;Diplostraca;Daphniidae;Daphnia;Daphnia magna,in_vivo,aquatic,48.0,mortality,EPA ECOTOX ASCII,EPA ECOTOX,2113020,2013,2,geomean,1.202638305010191,high_cv
MCJGNVYPOGVAJF-UHFFFAOYSA-N,Oc1cccc2cccnc12,[Cu++].[O-]c1cccc2cccnc12.[O-]c3cccc4cccnc34,10380-28-6,,,daphnia_acute_ec50,0.162,mg/L,-5.95201099374781,,Daphnia magna,Animalia;Arthropoda;Crustacea;nan;Branchiopoda;Diplostraca;Daphniidae;Daphnia;Daphnia magna,in_vivo,aquatic,48.0,mortality,EPA ECOTOX ASCII,EPA ECOTOX,2103084,2013,1,single,,
VEMKTZHHVJILDY-UHFFFAOYSA-N,CC(C)=CC1C(C(=O)OCc2coc(Cc3ccccc3)c2)C1(C)C,CC(C)=CC1C(C(=O)OCc2coc(Cc3ccccc3)c2)C1(C)C,10453-86-8,,,daphnia_acute_ec50,0.00930666893222972,mg/L,-7.5603641784333995,,Daphnia magna,Animalia;Arthropoda;Crustacea;nan;Branchiopoda;Diplostraca;Daphniidae;Daphnia;Daphnia magna,in_vivo,aquatic,48.0,mortality,EPA ECOTOX ASCII,EPA ECOTOX,2107734,2013,4,geomean,1.1215909070295689,high_cv
WYVVKGNFXHOCQV-UHFFFAOYSA-N,CCCCNC(=O)OCC#CI,CCCCNC(=O)OCC#CI,55406-53-6,,,daphnia_acute_ec50,0.2844164188294188,mg/L,-5.994738173647477,,Daphnia magna,Animalia;Arthropoda;Crustacea;nan;Branchiopoda;Diplostraca;Daphniidae;Daphnia;Daphnia magna,in_vivo,aquatic,48.0,mortality,EPA ECOTOX ASCII,EPA ECOTOX,2524504,2020,4,geomean,1.0002374356528887,high_cv
CEJLBZWIKQJOAT-UHFFFAOYSA-N,O=c1[nH]c(=O)n(Cl)c(=O)n1Cl,O.O.[Na+].ClN1C(=O)[N-]C(=O)N(Cl)C1=O,51580-86-0,,,daphnia_acute_ec50,0.28,mg/L,-5.8471747913686025,,Daphnia magna,Animalia;Arthropoda;Crustacea;nan;Branchiopoda;Diplostraca;Daphniidae;Daphnia;Daphnia magna,in_vivo,aquatic,48.0,mortality,EPA ECOTOX ASCII,EPA ECOTOX,2103634,2013,2,geomean,0.0,
WRPIRSINYZBGPK-UHFFFAOYSA-N,Fc1ccc(Oc2ccnc3cc(Cl)cc(Cl)c23)cc1,Fc1ccc(Oc2ccnc3cc(Cl)cc(Cl)c23)cc1,124495-18-7,,,daphnia_acute_ec50,0.091,mg/L,-6.5280923112200995,,Daphnia magna,Animalia;Arthropoda;Crustacea;nan;Branchiopoda;Diplostraca;Daphniidae;Daphnia;Daphnia magna,in_vivo,aquatic,48.0,mortality,EPA ECOTOX ASCII,EPA ECOTOX,2102017,2013,1,single,,
ORFPWVRKFLOQHK-UHFFFAOYSA-N,CC(C)c1nn(C(=O)NC(C)(C)C)c(=O)n1N,CC(C)C1=NN(C(=O)NC(C)(C)C)C(=O)N1N,129909-90-6,,,daphnia_acute_ec50,40.8,mg/L,-3.771634081445379,,Daphnia magna,Animalia;Arthropoda;Crustacea;nan;Branchiopoda;Diplostraca;Daphniidae;Daphnia;Daphnia magna,in_vivo,aquatic,48.0,mortality,EPA ECOTOX ASCII,EPA ECOTOX,2113636,2013,1,single,,
CYTYCFOTNPOANT-UHFFFAOYSA-N,ClC(Cl)=C(Cl)Cl,ClC(Cl)=C(Cl)Cl,127-18-4,,,daphnia_acute_ec50,7.97903502937542,mg/L,-4.312563421462389,,Daphnia magna,Animalia;Arthropoda;Crustacea;nan;Branchiopoda;Diplostraca;Daphniidae;Daphnia;Daphnia magna,in_vivo,aquatic,48.0,mortality,EPA ECOTOX ASCII,EPA ECOTOX,2708085,2023,4,geomean,0.07293605652051556,
MZGNSEAPZQGJRB-UHFFFAOYSA-N,CN(C)C(=S)S,[Na+].CN(C)C([S-])=S,128-04-1,,,daphnia_acute_ec50,0.10812582500177986,mg/L,-6.048863083020542,,Daphnia magna,Animalia;Arthropoda;Crustacea;nan;Branchiopoda;Diplostraca;Daphniidae;Daphnia;Daphnia magna,in_vivo,aquatic,48.0,mortality,EPA ECOTOX ASCII,EPA ECOTOX,713786,2011,3,geomean,1.0417042912738796,high_cv
BJQHLKABXJIVAM-UHFFFAOYSA-N,CCCCC(CC)COC(=O)c1ccccc1C(=O)OCC(CC)CCCC,CCCCC(CC)COC(=O)c1ccccc1C(=O)OCC(CC)CCCC,117-81-7,,,daphnia_acute_ec50,0.5050616242327912,mg/L,-5.888028597712366,,Daphnia magna,Animalia;Arthropoda;Crustacea;nan;Branchiopoda;Diplostraca;Daphniidae;Daphnia;Daphnia magna,in_vivo,aquatic,48.0,mortality,EPA ECOTOX ASCII,EPA ECOTOX,201381,2020,6,geomean,2.3479080651681645,"high_cv,species_secondary"
IWEDIXLBFLAXBO-UHFFFAOYSA-N,COc1c(Cl)ccc(Cl)c1C(=O)O,[K+].COc1c(Cl)ccc(Cl)c1C([O-])=O,10007-85-9,,,daphnia_acute_ec50,750.0,mg/L,-2.467301005653912,,Daphnia magna,Animalia;Arthropoda;Crustacea;nan;Branchiopoda;Diplostraca;Daphniidae;Daphnia;Daphnia magna,in_vivo,aquatic,48.0,mortality,EPA ECOTOX ASCII,EPA ECOTOX,2106939,2013,1,single,,
CZGCEKJOLUNIFY-UHFFFAOYSA-N,O=[N+]([O-])c1ccc(Cl)cc1,[O-][N+](=O)c1ccc(Cl)cc1,100-00-5,,,daphnia_acute_ec50,2.7,mg/L,-4.764516679417576,,Daphnia magna,Animalia;Arthropoda;Crustacea;nan;Branchiopoda;Diplostraca;Daphniidae;Daphnia;Daphnia magna,in_vivo,aquatic,48.0,mortality,EPA ECOTOX ASCII,EPA ECOTOX,75314,2018,1,single,,
VDLGAVXLJYLFDH-UHFFFAOYSA-N,CC1(C(=O)Nc2ccc(O)c(Cl)c2Cl)CCCCC1,CC1(CCCCC1)C(=O)Nc2ccc(O)c(Cl)c2Cl,126833-17-8,,,daphnia_acute_ec50,44.42971978304613,mg/L,-3.8309847255358878,,Daphnia magna,Animalia;Arthropoda;Crustacea;nan;Branchiopoda;Diplostraca;Daphniidae;Daphnia;Daphnia magna,in_vivo,aquatic,48.0,mortality,EPA ECOTOX ASCII,EPA ECOTOX,2108856,2013,2,geomean,0.9846947421370015,high_cv
SXRSQZLOMIGNAQ-UHFFFAOYSA-N,O=CCCCC=O,O=CCCCC=O,111-30-8,,,daphnia_acute_ec50,3.30907842155486,mg/L,-4.480520579150241,,Daphnia magna,Animalia;Arthropoda;Crustacea;nan;Branchiopoda;Diplostraca;Daphniidae;Daphnia;Daphnia magna,in_vivo,aquatic,48.0,mortality,EPA ECOTOX ASCII,EPA ECOTOX,2100467,2013,2,geomean,1.2760167973203496,high_cv
ZOCSXAVNDGMNBV-UHFFFAOYSA-N,N#Cc1nn(-c2c(Cl)cc(C(F)(F)F)cc2Cl)c(N)c1[S+]([O-])C(F)(F)F,Nc1n(nc(C#N)c1[S](=O)C(F)(F)F)c2c(Cl)cc(cc2Cl)C(F)(F)F,120068-37-3,,,daphnia_acute_ec50,0.0749062026581001,mg/L,-6.764907649936222,,Daphnia magna,Animalia;Arthropoda;Crustacea;nan;Branchiopoda;Diplostraca;Daphniidae;Daphnia;Daphnia magna,in_vivo,aquatic,48.0,mortality,EPA ECOTOX ASCII,EPA ECOTOX,2061087,2012,5,geomean,0.6887318952419916,"high_cv,species_secondary"
LGDSHSYDSCRFAB-UHFFFAOYSA-N,CN=C=S,CN=C=S,556-61-6,,,daphnia_acute_ec50,0.055,mg/L,-6.122951961169268,,Daphnia magna,Animalia;Arthropoda;Crustacea;nan;Branchiopoda;Diplostraca;Daphniidae;Daphnia;Daphnia magna,in_vivo,aquatic,48.0,mortality,EPA ECOTOX ASCII,EPA ECOTOX,2105118,2013,1,single,,
AWYFNIZYMPNGAI-UHFFFAOYSA-N,S=C(S)NCCNC(=S)S,[Mn++].[Zn++].[S-]C(=S)NCCNC([S-])=S.[S-]C(=S)NCCNC([S-])=S,8018-01-7,,,daphnia_acute_ec50,0.7615773105863908,mg/L,-5.444533833272628,,Daphnia magna,Animalia;Arthropoda;Crustacea;nan;Branchiopoda;Diplostraca;Daphniidae;Daphnia;Daphnia magna,in_vivo,aquatic,48.0,mortality,EPA ECOTOX ASCII,EPA ECOTOX,2116928,2013,2,geomean,0.37593018746626583,
HRBKVYFZANMGRE-UHFFFAOYSA-N,COP(=S)(OC)Oc1nc(Cl)c(Cl)cc1Cl,CO[P](=S)(OC)Oc1nc(Cl)c(Cl)cc1Cl,5598-13-0,,,daphnia_acute_ec50,0.0009364293886887572,mg/L,-8.534887893197544,,Daphnia magna,Animalia;Arthropoda;Crustacea;nan;Branchiopoda;Diplostraca;Daphniidae;Daphnia;Daphnia magna,in_vivo,aquatic,48.0,mortality,EPA ECOTOX ASCII,EPA ECOTOX,721350,2008,2,geomean,0.2381833368207318,
IWDCLRJOBJJRNH-UHFFFAOYSA-N,Cc1ccc(O)cc1,Cc1ccc(O)cc1,106-44-5,,,daphnia_acute_ec50,7.7,mg/L,-4.147164250171629,,Daphnia magna,Animalia;Arthropoda;Crustacea;nan;Branchiopoda;Diplostraca;Daphniidae;Daphnia;Daphnia magna,in_vivo,aquatic,48.0,mortality,EPA ECOTOX ASCII,EPA ECOTOX,2455499,2019,1,single,,
SGEJQUSYQTVSIU-UHFFFAOYSA-N,CCCCN(CC)C(=O)SCCC,CCCCN(CC)C(=O)SCCC,1114-71-2,,,daphnia_acute_ec50,6.83,mg/L,-4.473362740543522,,Daphnia magna,Animalia;Arthropoda;Crustacea;nan;Branchiopoda;Diplostraca;Daphniidae;Daphnia;Daphnia magna,in_vivo,aquatic,48.0,mortality,EPA ECOTOX ASCII,EPA ECOTOX,2116659,2013,1,single,,
LCJAIVXHZYPLQY-UHFFFAOYSA-N,Cc1ccc(C(=O)O)c(C2=NC(=O)C(C)(C(C)C)N2)n1,N.CC(C)C1(C)N=C(NC1=O)c2nc(C)ccc2C(O)=O,115136-53-3,,,daphnia_acute_ec50,100.0,mg/L,-3.4395331990512306,,Daphnia magna,Animalia;Arthropoda;Crustacea;nan;Branchiopoda;Diplostraca;Daphniidae;Daphnia;Daphnia magna,in_vivo,aquatic,48.0,mortality,EPA ECOTOX ASCII,EPA ECOTOX,2101432,2013,1,single,,
YIJZJEYQBAAWRJ-UHFFFAOYSA-N,COC(=O)c1c(C(F)F)nc(C(F)(F)F)c(C2=NCCS2)c1CC(C)C,COC(=O)c1c(CC(C)C)c(C2=NCCS2)c(nc1C(F)F)C(F)(F)F,117718-60-2,,,daphnia_acute_ec50,6.1,mg/L,-4.812467430894093,,Daphnia magna,Animalia;Arthropoda;Crustacea;nan;Branchiopoda;Diplostraca;Daphniidae;Daphnia;Daphnia magna,in_vivo,aquatic,48.0,mortality,EPA ECOTOX ASCII,EPA ECOTOX,2117041,2013,1,single,,
CAWXEEYDBZRFPE-UHFFFAOYSA-N,CN(C)c1nc(=O)n(C2CCCCC2)c(=O)n1C,CN(C)C1=NC(=O)N(C2CCCCC2)C(=O)N1C,51235-04-2,,,daphnia_acute_ec50,113.51651862174069,mg/L,-3.346614765654712,,Daphnia magna,Animalia;Arthropoda;Crustacea;nan;Branchiopoda;Diplostraca;Daphniidae;Daphnia;Daphnia magna,in_vivo,aquatic,48.0,mortality,EPA ECOTOX ASCII,EPA ECOTOX,2100197,2013,2,geomean,0.3980837838294511,
ZLIBICFPKPWGIZ-UHFFFAOYSA-N,Cc1cc(C)nc(Nc2ccccc2)n1,Cc1cc(C)nc(Nc2ccccc2)n1,53112-28-0,,,daphnia_acute_ec50,3.04,mg/L,-4.816221555231591,,Daphnia magna,Animalia;Arthropoda;Crustacea;nan;Branchiopoda;Diplostraca;Daphniidae;Daphnia;Daphnia magna,in_vivo,aquatic,48.0,mortality,EPA ECOTOX ASCII,EPA ECOTOX,2099194,2013,1,single,,
XOGPDSATLSAZEK-UHFFFAOYSA-N,Nc1ccc2c(c1)C(=O)c1ccccc1C2=O,Nc1ccc2C(=O)c3ccccc3C(=O)c2c1,117-79-3,,,daphnia_acute_ec50,378.0,mg/L,-2.7709363785730523,,Daphnia magna,Animalia;Arthropoda;Crustacea;nan;Branchiopoda;Diplostraca;Daphniidae;Daphnia;Daphnia magna,in_vivo,aquatic,48.0,mortality,EPA ECOTOX ASCII,EPA ECOTOX,199479,2001,1,single,,
YXKMMRDKEKCERS-UHFFFAOYSA-N,Cc1ccc(-c2c(Cl)nc(C#N)n2S(=O)(=O)N(C)C)cc1,CN(C)[S](=O)(=O)n1c(nc(Cl)c1c2ccc(C)cc2)C#N,120116-88-3,,,daphnia_acute_ec50,1.2747482689269416,mg/L,-5.4051805913747595,,Daphnia magna,Animalia;Arthropoda;Crustacea;nan;Branchiopoda;Diplostraca;Daphniidae;Daphnia;Daphnia magna,in_vivo,aquatic,48.0,mortality,EPA ECOTOX ASCII,EPA ECOTOX,2103146,2013,5,geomean,2.1736173871836337,high_cv
MCAHWIHFGHIESP-UHFFFAOYSA-N,O=[Se](O)O,[Na+].[Na+].[O-][Se]([O-])=O,10102-18-8,,,daphnia_acute_ec50,1.2540890004663132,mg/L,-5.015337341339671,,Daphnia magna,Animalia;Arthropoda;Crustacea;nan;Branchiopoda;Diplostraca;Daphniidae;Daphnia;Daphnia magna,in_vivo,aquatic,48.0,mortality,EPA ECOTOX ASCII,EPA ECOTOX,201310,2001,5,geomean,0.8571664561595931,high_cv
FWCBATIDXGJRMF-FLNNQWSLSA-N,CC1(C)OC[C@@H]2O[C@@]3(C(=O)O)OC(C)(C)O[C@H]3[C@@H]2O1,[Na+].CC1(C)OC[C@@H]2O[C@]3(OC(C)(C)O[C@H]3[C@@H]2O1)C([O-])=O,52508-35-7,,,daphnia_acute_ec50,10000.0,mg/L,-1.4379173583799698,,Daphnia magna,Animalia;Arthropoda;Crustacea;nan;Branchiopoda;Diplostraca;Daphniidae;Daphnia;Daphnia magna,in_vivo,aquatic,48.0,mortality,EPA ECOTOX ASCII,EPA ECOTOX,2107636,2013,1,single,,
YNQLUTRBYVCPMQ-UHFFFAOYSA-N,CCc1ccccc1,CCc1ccccc1,100-41-4,,,daphnia_acute_ec50,2.949932202610765,mg/L,-4.555814312927188,,Daphnia magna,Animalia;Arthropoda;Crustacea;nan;Branchiopoda;Diplostraca;Daphniidae;Daphnia;Daphnia magna,in_vivo,aquatic,48.0,mortality,EPA ECOTOX ASCII,EPA ECOTOX,181567,2018,2,geomean,0.009587888558461669,
IMHBYKMAHXWHRP-UHFFFAOYSA-N,Clc1nc(Cl)nc(Nc2ccccc2Cl)n1,Clc1nc(Cl)nc(Nc2ccccc2Cl)n1,101-05-3,,,daphnia_acute_ec50,1.0217142457654196,mg/L,-5.428354505264572,,Daphnia magna,Animalia;Arthropoda;Crustacea;nan;Branchiopoda;Diplostraca;Daphniidae;Daphnia;Daphnia magna,in_vivo,aquatic,48.0,mortality,EPA ECOTOX ASCII,EPA ECOTOX,2115345,2013,2,geomean,0.104219740321297,
QGLZXHRNAYXIBU-WEVVVXLNSA-N,CNC(=O)O/N=C/C(C)(C)SC,CNC(=O)O\N=C\C(C)(C)SC,116-06-3,,,daphnia_acute_ec50,0.4107,mg/L,-5.66540623389895,,Daphnia magna,Animalia;Arthropoda;Crustacea;nan;Branchiopoda;Diplostraca;Daphniidae;Daphnia;Daphnia magna,in_vivo,aquatic,48.0,mortality,EPA ECOTOX ASCII,EPA ECOTOX,2099883,2013,1,single,,
HFCYZXMHUIHAQI-UHFFFAOYSA-N,O=C(Nc1ccccc1)Nc1cnns1,O=C(Nc1snnc1)Nc2ccccc2,51707-55-2,,,daphnia_acute_ec50,7.54983443527075,mg/L,-4.46456792269738,,Daphnia magna,Animalia;Arthropoda;Crustacea;nan;Branchiopoda;Diplostraca;Daphniidae;Daphnia;Daphnia magna,in_vivo,aquatic,48.0,mortality,EPA ECOTOX ASCII,EPA ECOTOX,2101013,2013,2,geomean,0.38733237695568845,
HUTDUHSNJYTCAR-UHFFFAOYSA-N,COc1ccc(C(O)(c2cncnc2)C2CC2)cc1,COc1ccc(cc1)C(O)(C2CC2)c3cncnc3,12771-68-5,,,daphnia_acute_ec50,100.0,mg/L,-3.4084454902238877,,Daphnia magna,Animalia;Arthropoda;Crustacea;nan;Branchiopoda;Diplostraca;Daphniidae;Daphnia;Daphnia magna,in_vivo,aquatic,48.0,mortality,EPA ECOTOX ASCII,EPA ECOTOX,2114320,2013,1,single,,
LYBKPDDZTNUNNM-UHFFFAOYSA-N,CC(C)NCc1ccccc1,CC(C)NCc1ccccc1,102-97-6,,,daphnia_acute_ec50,38.5,mg/L,-3.588076474557129,,Daphnia magna,Animalia;Arthropoda;Crustacea;nan;Branchiopoda;Diplostraca;Daphniidae;Daphnia;Daphnia magna,in_vivo,aquatic,48.0,mortality,EPA ECOTOX ASCII,EPA ECOTOX,199483,2001,1,single,,
POAOYUHQDCAZBD-UHFFFAOYSA-N,CCCCOCCO,CCCCOCCO,111-76-2,,,daphnia_acute_ec50,1000.0,mg/L,-2.072247616506096,,Daphnia magna,Animalia;Arthropoda;Crustacea;nan;Branchiopoda;Diplostraca;Daphniidae;Daphnia;Daphnia magna,in_vivo,aquatic,48.0,mortality,EPA ECOTOX ASCII,EPA ECOTOX,247437,2008,1,single,,
NKNFWVNSBIXGLL-UHFFFAOYSA-N,CCOC(=O)CSc1nc(C(C)(C)C)nn1C(=O)N(C)C,CCOC(=O)CSc1nc(nn1C(=O)N(C)C)C(C)(C)C,112143-82-5,,,daphnia_acute_ec50,1.3490737563232038,mg/L,-5.367089289501349,,Daphnia magna,Animalia;Arthropoda;Crustacea;nan;Branchiopoda;Diplostraca;Daphniidae;Daphnia;Daphnia magna,in_vivo,aquatic,48.0,mortality,EPA ECOTOX ASCII,EPA ECOTOX,2111234,2013,2,geomean,1.4139089953284196,high_cv
HSSBORCLYSCBJR-UHFFFAOYSA-N,Nc1cc(Cl)cc(C(=O)O)c1Cl,[NH4+].Nc1cc(Cl)cc(C([O-])=O)c1Cl,1076-46-6,,,daphnia_acute_ec50,1000.0,mg/L,-2.311689736999945,,Daphnia magna,Animalia;Arthropoda;Crustacea;nan;Branchiopoda;Diplostraca;Daphniidae;Daphnia;Daphnia magna,in_vivo,aquatic,48.0,mortality,EPA ECOTOX ASCII,EPA ECOTOX,2109051,2013,1,single,,
KWKAKUADMBZCLK-UHFFFAOYSA-N,C=CCCCCCC,CCCCCCC=C,111-66-0,,,daphnia_acute_ec50,6.4807406984078595,mg/L,-4.23807858749692,,Daphnia magna,Animalia;Arthropoda;Crustacea;nan;Branchiopoda;Diplostraca;Daphniidae;Daphnia;Daphnia magna,in_vivo,aquatic,48.0,mortality,EPA ECOTOX ASCII,EPA ECOTOX,247758,2008,2,geomean,0.10878565864408424,
KGBXLFKZBHKPEV-UHFFFAOYSA-N,OB(O)O,OB(O)O,10043-35-3,,,daphnia_acute_ec50,419.0489231581438,mg/L,-2.1702496969067147,,Daphnia magna,Animalia;Arthropoda;Crustacea;nan;Branchiopoda;Diplostraca;Daphniidae;Daphnia;Daphnia magna,in_vivo,aquatic,48.0,mortality,EPA ECOTOX ASCII,EPA ECOTOX,2116763,2013,2,geomean,0.7769009699577023,high_cv
KLSJWNVTNUYHDU-UHFFFAOYSA-N,Nc1nc[nH]n1,[NH4+].Nc1[nH]ncn1.[S-]C#N,8004-05-5,,,daphnia_acute_ec50,18.0,mg/L,-3.6692321219853543,,Daphnia magna,Animalia;Arthropoda;Crustacea;nan;Branchiopoda;Diplostraca;Daphniidae;Daphnia;Daphnia magna,in_vivo,aquatic,48.0,mortality,EPA ECOTOX ASCII,EPA ECOTOX,602060,2012,1,single,,
QBPFLULOKWLNNW-UHFFFAOYSA-N,O=C1c2cccc(O)c2C(=O)c2c(O)cccc21,Oc1cccc2C(=O)c3cccc(O)c3C(=O)c12,117-10-2,,,daphnia_acute_ec50,0.19233385981222,mg/L,-6.096231957473126,,Daphnia magna,Animalia;Arthropoda;Crustacea;nan;Branchiopoda;Diplostraca;Daphniidae;Daphnia;Daphnia magna,in_vivo,aquatic,48.0,mortality,EPA ECOTOX ASCII,EPA ECOTOX,237848,2007,1,single,,
KMWHQYDMBYABKL-UHFFFAOYSA-N,CCCCCCCCCCCCCCCCI,CCCCCCCCCCCCCCCCI,544-77-4,,,daphnia_acute_ec50,0.23257901883016016,mg/L,-6.180172819705028,,Daphnia pulex,Animalia;Arthropoda;Crustacea;nan;Branchiopoda;Diplostraca;Daphniidae;Daphnia;Daphnia pulex,in_vivo,aquatic,48.0,mortality,EPA ECOTOX ASCII,EPA ECOTOX,100796,2020,2,geomean,0.0849742054644778,species_secondary
LNDUTAIPEYOCDF-UHFFFAOYSA-N,O=c1c(C2CC(c3ccc(-c4ccc(Br)cc4)cc3)Cc3ccccc32)c(O)oc2ccccc12,OC1=C(C2CC(Cc3ccccc23)c4ccc(cc4)c5ccc(Br)cc5)C(=O)c6ccccc6O1,56073-10-0,,,daphnia_acute_ec50,0.98,mg/L,-5.726513523469508,,Daphnia magna,Animalia;Arthropoda;Crustacea;nan;Branchiopoda;Diplostraca;Daphniidae;Daphnia;Daphnia magna,in_vivo,aquatic,48.0,mortality,EPA ECOTOX ASCII,EPA ECOTOX,2102982,2013,1,single,,
ZEYHEAKUIGZSGI-UHFFFAOYSA-N,COc1ccc(C(=O)O)cc1,COc1ccc(cc1)C(O)=O,100-09-4,,,daphnia_acute_ec50,943.0,mg/L,-2.207467145778735,,Daphnia magna,Animalia;Arthropoda;Crustacea;nan;Branchiopoda;Diplostraca;Daphniidae;Daphnia;Daphnia magna,in_vivo,aquatic,48.0,mortality,EPA ECOTOX ASCII,EPA ECOTOX,239700,2007,1,single,,
YCZJVRCZIPDYHH-UHFFFAOYSA-N,CCCCCCCCCCCCCOC(=O)c1ccccc1C(=O)OCCCCCCCCCCCCC,CCCCCCCCCCCCCOC(=O)c1ccccc1C(=O)OCCCCCCCCCCCCC,119-06-2,,,daphnia_acute_ec50,0.05,mg/L,-7.0256609486442105,,Daphnia magna,Animalia;Arthropoda;Crustacea;nan;Branchiopoda;Diplostraca;Daphniidae;Daphnia;Daphnia magna,in_vivo,aquatic,48.0,mortality,EPA ECOTOX ASCII,EPA ECOTOX,2657780,2023,1,single,,
NUKYPUAOHBNCPY-UHFFFAOYSA-N,Nc1ccncc1,Nc1ccncc1,504-24-5,,,daphnia_acute_ec50,3.2,mg/L,-4.468223127845363,,Daphnia magna,Animalia;Arthropoda;Crustacea;nan;Branchiopoda;Diplostraca;Daphniidae;Daphnia;Daphnia magna,in_vivo,aquatic,48.0,mortality,EPA ECOTOX ASCII,EPA ECOTOX,14969,2017,1,single,,
ZNOLGFHPUIJIMJ-UHFFFAOYSA-N,COP(=S)(OC)Oc1ccc([N+](=O)[O-])c(C)c1,CO[P](=S)(OC)Oc1ccc(c(C)c1)[N+]([O-])=O,122-14-5,,,daphnia_acute_ec50,0.010396145563177214,mg/L,-7.42563466591307,,Daphnia magna,Animalia;Arthropoda;Crustacea;nan;Branchiopoda;Diplostraca;Daphniidae;Daphnia;Daphnia magna,in_vivo,aquatic,48.0,mortality,EPA ECOTOX ASCII,EPA ECOTOX,603826,2012,5,geomean,1.0784410478442985,high_cv
ZXVONLUNISGICL-UHFFFAOYSA-N,Cc1cc([N+](=O)[O-])cc([N+](=O)[O-])c1O,Cc1cc(cc(c1O)[N+]([O-])=O)[N+]([O-])=O,534-52-1,,,daphnia_acute_ec50,0.6256996084384263,mg/L,-5.500359997214828,,Daphnia magna,Animalia;Arthropoda;Crustacea;nan;Branchiopoda;Diplostraca;Daphniidae;Daphnia;Daphnia magna,in_vivo,aquatic,48.0,mortality,EPA ECOTOX ASCII,EPA ECOTOX,2455559,2019,2,geomean,1.270058225610987,"high_cv,species_secondary"
JRZJOMJEPLMPRA-UHFFFAOYSA-N,C=CCCCCCCC,CCCCCCCC=C,124-11-8,,,daphnia_acute_ec50,3.2,mg/L,-4.595705776823346,,Daphnia magna,Animalia;Arthropoda;Crustacea;nan;Branchiopoda;Diplostraca;Daphniidae;Daphnia;Daphnia magna,in_vivo,aquatic,48.0,mortality,EPA ECOTOX ASCII,EPA ECOTOX,248033,2008,1,single,,
MVPPADPHJFYWMZ-UHFFFAOYSA-N,Clc1ccccc1,Clc1ccccc1,108-90-7,,,daphnia_acute_ec50,25.7618349032,mg/L,-3.638272163982407,,Daphnia magna,Animalia;Arthropoda;Crustacea;nan;Branchiopoda;Diplostraca;Daphniidae;Daphnia;Daphnia magna,in_vivo,aquatic,48.0,mortality,EPA ECOTOX ASCII,EPA ECOTOX,2806539,2025,1,single,,
KJPRLNWUNMBNBZ-QPJJXVBHSA-N,O=C/C=C/c1ccccc1,O=C/C=C/c1ccccc1,104-55-2,,,daphnia_acute_ec50,7.05,mg/L,-4.272574003252914,,Daphnia magna,Animalia;Arthropoda;Crustacea;nan;Branchiopoda;Diplostraca;Daphniidae;Daphnia;Daphnia magna,in_vivo,aquatic,48.0,mortality,EPA ECOTOX ASCII,EPA ECOTOX,2104516,2013,1,single,,
JTZCTMAVMHRNTR-UHFFFAOYSA-N,CCCCCCCCSC(=O)Oc1cc(Cl)nnc1-c1ccccc1,CCCCCCCCSC(=O)Oc1cc(Cl)nnc1c2ccccc2,55512-33-9,,,daphnia_acute_ec50,1.08,mg/L,-5.544202306363823,,Daphnia magna,Animalia;Arthropoda;Crustacea;nan;Branchiopoda;Diplostraca;Daphniidae;Daphnia;Daphnia magna,in_vivo,aquatic,48.0,mortality,EPA ECOTOX ASCII,EPA ECOTOX,2101394,2013,1,single,,
LGYNIFWIKSEESD-UHFFFAOYSA-N,CCCCC(C=O)CC,CCCCC(CC)C=O,123-05-7,,,daphnia_acute_ec50,24.5,mg/L,-3.718451235895514,,Daphnia magna,Animalia;Arthropoda;Crustacea;nan;Branchiopoda;Diplostraca;Daphniidae;Daphnia;Daphnia magna,in_vivo,aquatic,48.0,mortality,EPA ECOTOX ASCII,EPA ECOTOX,2443076,2018,1,single,,
ZIBGPFATKBEMQZ-UHFFFAOYSA-N,OCCOCCOCCO,OCCOCCOCCO,112-27-6,,,daphnia_acute_ec50,46932.329293061775,mg/L,-0.5048773594153153,,Daphnia magna,Animalia;Arthropoda;Crustacea;nan;Branchiopoda;Diplostraca;Daphniidae;Daphnia;Daphnia magna,in_vivo,aquatic,48.0,mortality,EPA ECOTOX ASCII,EPA ECOTOX,2664169,2023,3,geomean,0.10645133987654284,
NCKMMSIFQUPKCK-UHFFFAOYSA-N,Oc1ccc(Cl)cc1Cc1ccccc1,Oc1ccc(Cl)cc1Cc2ccccc2,120-32-1,,,daphnia_acute_ec50,0.59,mg/L,-5.567703765974076,,Daphnia magna,Animalia;Arthropoda;Crustacea;nan;Branchiopoda;Diplostraca;Daphniidae;Daphnia;Daphnia magna,in_vivo,aquatic,48.0,mortality,EPA ECOTOX ASCII,EPA ECOTOX,2107387,2013,1,single,,
MPPOHAUSNPTFAJ-UHFFFAOYSA-N,CC(Oc1ccc(Oc2nc3ccc(Cl)cc3o2)cc1)C(=O)O,CC(Oc1ccc(Oc2oc3cc(Cl)ccc3n2)cc1)C(O)=O,113158-40-0,,,daphnia_acute_ec50,6.247761545053492,mg/L,-4.7267724740024635,,Daphnia magna,Animalia;Arthropoda;Crustacea;nan;Branchiopoda;Diplostraca;Daphniidae;Daphnia;Daphnia magna,in_vivo,aquatic,48.0,mortality,EPA ECOTOX ASCII,EPA ECOTOX,2102388,2013,3,geomean,1.0038743009940767,high_cv
NBBJYMSMWIIQGU-UHFFFAOYSA-N,CCC=O,CCC=O,123-38-6,,,daphnia_acute_ec50,125.0,mg/L,-2.666831344316413,,Daphnia magna,Animalia;Arthropoda;Crustacea;nan;Branchiopoda;Diplostraca;Daphniidae;Daphnia;Daphnia magna,in_vivo,aquatic,48.0,mortality,EPA ECOTOX ASCII,EPA ECOTOX,2443062,2018,1,single,,
UOORRWUZONOOLO-UPHRSURJSA-N,Cl/C=C\CCl,ClC\C=C/Cl,542-75-6,,,daphnia_acute_ec50,0.7469939758793239,mg/L,-5.167953198032228,,Daphnia magna,Animalia;Arthropoda;Crustacea;nan;Branchiopoda;Diplostraca;Daphniidae;Daphnia;Daphnia magna,in_vivo,aquatic,48.0,mortality,EPA ECOTOX ASCII,EPA ECOTOX,602829,2012,2,geomean,1.373743221955423,high_cv
ZNQVEEAIQZEUHB-UHFFFAOYSA-N,CCOCCO,CCOCCO,110-80-5,,,daphnia_acute_ec50,7655.7867626,mg/L,-1.0705810742857071,,Daphnia magna,Animalia;Arthropoda;Crustacea;nan;Branchiopoda;Diplostraca;Daphniidae;Daphnia;Daphnia magna,in_vivo,aquatic,48.0,mortality,EPA ECOTOX ASCII,EPA ECOTOX,2806538,2025,1,single,,
NPWPEPVYKMPDKK-UHFFFAOYSA-N,[O-][Cl+]O,[O-][Cl]=O,10049-04-4,,,daphnia_acute_ec50,1.8,mg/L,-4.577022445406668,,Daphnia pulex,Animalia;Arthropoda;Crustacea;nan;Branchiopoda;Diplostraca;Daphniidae;Daphnia;Daphnia pulex,in_vivo,aquatic,48.0,mortality,EPA ECOTOX ASCII,EPA ECOTOX,2112193,2013,1,single,,species_secondary
XFDJMIHUAHSGKG-UHFFFAOYSA-N,CCOP(=S)(OCC)OC(Cl)C(Cl)(Cl)Cl,CCO[P](=S)(OCC)OC(Cl)C(Cl)(Cl)Cl,54593-83-8,,,daphnia_acute_ec50,0.00041,mg/L,-8.91082223820616,,Daphnia magna,Animalia;Arthropoda;Crustacea;nan;Branchiopoda;Diplostraca;Daphniidae;Daphnia;Daphnia magna,in_vivo,aquatic,48.0,mortality,EPA ECOTOX ASCII,EPA ECOTOX,2114523,2013,1,single,,
VXPLXMJHHKHSOA-UHFFFAOYSA-N,CC(C)OC(=O)Nc1ccccc1,CC(C)OC(=O)Nc1ccccc1,122-42-9,,,daphnia_acute_ec50,9.000000000000002,mg/L,-4.298840051395521,,Daphnia pulex,Animalia;Arthropoda;Crustacea;nan;Branchiopoda;Diplostraca;Daphniidae;Daphnia;Daphnia pulex,in_vivo,aquatic,48.0,mortality,EPA ECOTOX ASCII,EPA ECOTOX,607101,2012,2,geomean,0.14845335737618126,species_secondary
NAGRVUXEKKZNHT-UHFFFAOYSA-N,COc1cc(OC)nc(NC(=O)NS(=O)(=O)c2c(Cl)nc3ccccn23)n1,COc1cc(OC)nc(NC(=O)N[S](=O)(=O)c2n3ccccc3nc2Cl)n1,122548-33-8,,,daphnia_acute_ec50,32.0,mg/L,-4.10978483228045,,Daphnia magna,Animalia;Arthropoda;Crustacea;nan;Branchiopoda;Diplostraca;Daphniidae;Daphnia;Daphnia magna,in_vivo,aquatic,48.0,mortality,EPA ECOTOX ASCII,EPA ECOTOX,2114195,2013,1,single,,
DJRKHTCUXRGYEU-UHFFFAOYSA-N,CCCCCCOc1ccc(N)cc1,CCCCCCOc1ccc(N)cc1,39905-57-2,,,daphnia_acute_ec50,0.36,mg/L,-5.729584711222315,,Daphnia magna,Animalia;Arthropoda;Crustacea;nan;Branchiopoda;Diplostraca;Daphniidae;Daphnia;Daphnia magna,in_vivo,aquatic,48.0,mortality,EPA ECOTOX ASCII,EPA ECOTOX,199598,2001,1,single,,
PNPCRKVUWYDDST-UHFFFAOYSA-N,Nc1cccc(Cl)c1,Nc1cccc(Cl)c1,108-42-9,,,daphnia_acute_ec50,0.35,mg/L,-5.559800223945322,,Daphnia magna,Animalia;Arthropoda;Crustacea;nan;Branchiopoda;Diplostraca;Daphniidae;Daphnia;Daphnia magna,in_vivo,aquatic,48.0,mortality,EPA ECOTOX ASCII,EPA ECOTOX,2455607,2025,1,single,,
FBUKVWPVBMHYJY-UHFFFAOYSA-N,CCCCCCCCC(=O)O,CCCCCCCCC(O)=O,112-05-0,,,daphnia_acute_ec50,96.0,mg/L,-3.2167449049645693,,Daphnia magna,Animalia;Arthropoda;Crustacea;nan;Branchiopoda;Diplostraca;Daphniidae;Daphnia;Daphnia magna,in_vivo,aquatic,48.0,mortality,EPA ECOTOX ASCII,EPA ECOTOX,2109994,2013,1,single,,
WPALTCMYPARVNV-UHFFFAOYSA-N,CCc1nn(C)c(C(=O)NCc2ccc(Oc3ccc(C)cc3)cc2)c1Cl,CCc1nn(C)c(C(=O)NCc2ccc(Oc3ccc(C)cc3)cc2)c1Cl,129558-76-5,,,daphnia_acute_ec50,0.0010954451150103327,mg/L,-8.543766933795748,,Daphnia magna,Animalia;Arthropoda;Crustacea;nan;Branchiopoda;Diplostraca;Daphniidae;Daphnia;Daphnia magna,in_vivo,aquatic,48.0,mortality,EPA ECOTOX ASCII,EPA ECOTOX,2114168,2013,2,geomean,0.12856486930664493,
XQUXKZZNEFRCAW-UHFFFAOYSA-N,CC1(C)C(C(=O)OC(C#N)c2cccc(Oc3ccccc3)c2)C1(C)C,CC1(C)C(C(=O)OC(C#N)c2cccc(Oc3ccccc3)c2)C1(C)C,39515-41-8,,,daphnia_acute_ec50,0.0012397580409095963,mg/L,-8.449697244844408,,Daphnia magna,Animalia;Arthropoda;Crustacea;nan;Branchiopoda;Diplostraca;Daphniidae;Daphnia;Daphnia magna,in_vivo,aquatic,48.0,mortality,EPA ECOTOX ASCII,EPA ECOTOX,2100161,2013,2,geomean,0.9771679716688733,high_cv
SBASXUCJHJRPEV-UHFFFAOYSA-N,COCCOCCO,COCCOCCO,111-77-3,,,daphnia_acute_ec50,930.0,mg/L,-2.110982827277935,,Daphnia magna,Animalia;Arthropoda;Crustacea;nan;Branchiopoda;Diplostraca;Daphniidae;Daphnia;Daphnia magna,in_vivo,aquatic,48.0,mortality,EPA ECOTOX ASCII,EPA ECOTOX,2113932,2013,1,single,,
KRMDCWKBEZIMAB-UHFFFAOYSA-N,CN(C)CCC=C1c2ccccc2CCc2ccccc21,[H+].[Cl-].CN(C)CCC=C1c2ccccc2CCc3ccccc13,549-18-8,,,daphnia_acute_ec50,4.82,mg/L,-4.759719630589811,,Daphnia magna,Animalia;Arthropoda;Crustacea;nan;Branchiopoda;Diplostraca;Daphniidae;Daphnia;Daphnia magna,in_vivo,aquatic,48.0,mortality,EPA ECOTOX ASCII,EPA ECOTOX,2215447,2014,1,single,,
MWKFXSUHUHTGQN-UHFFFAOYSA-N,CCCCCCCCCCO,CCCCCCCCCCO,112-30-1,,,daphnia_acute_ec50,6.51,mg/L,-4.385535068108514,,Daphnia magna,Animalia;Arthropoda;Crustacea;nan;Branchiopoda;Diplostraca;Daphniidae;Daphnia;Daphnia magna,in_vivo,aquatic,48.0,mortality,EPA ECOTOX ASCII,EPA ECOTOX,2103083,2013,1,single,,
HAORKNGNJCEJBX-UHFFFAOYSA-N,Cc1cc(C2CC2)nc(Nc2ccccc2)n1,Cc1cc(nc(Nc2ccccc2)n1)C3CC3,121552-61-2,,,daphnia_acute_ec50,0.032,mg/L,-6.84727682923689,,Daphnia magna,Animalia;Arthropoda;Crustacea;nan;Branchiopoda;Diplostraca;Daphniidae;Daphnia;Daphnia magna,in_vivo,aquatic,48.0,mortality,EPA ECOTOX ASCII,EPA ECOTOX,2099498,2013,1,single,,
GUQMDNQYMMRJPY-UHFFFAOYSA-N,CC1(C)COCN1,CC1(C)COCN1,51200-87-4,,,daphnia_acute_ec50,45.0,mg/L,-3.3514701801485782,,Daphnia magna,Animalia;Arthropoda;Crustacea;nan;Branchiopoda;Diplostraca;Daphniidae;Daphnia;Daphnia magna,in_vivo,aquatic,48.0,mortality,EPA ECOTOX ASCII,EPA ECOTOX,2109697,2013,1,single,,
VOZIAWLUULBIPN-HNQZODOTSA-N,CCC1O[C@]2(CCC1C)C[C@@H]1C[C@@H](C/C=C(\C)CC(C)/C=C/C=C3\CO[C@@H]4[C@H](O)C(C)=CC(C(=O)O1)[C@]34O)O2,CCC1O[C@]2(CCC1C)C[C@@H]3C[C@@H](C\C=C(/C)CC(C)/C=C/C=C/4CO[C@@H]5[C@H](O)C(=C[C@@H](C(=O)O3)[C@]45O)C)O2,51596-11-3,,,daphnia_acute_ec50,0.06480740698407862,mg/L,-6.922634462258228,,Daphnia magna,Animalia;Arthropoda;Crustacea;nan;Branchiopoda;Diplostraca;Daphniidae;Daphnia;Daphnia magna,in_vivo,aquatic,48.0,mortality,EPA ECOTOX ASCII,EPA ECOTOX,2099089,2013,2,geomean,1.3484361873789974,high_cv
SOONNKHXNUDREF-UHFFFAOYSA-N,CCCCCCCCCOC(=O)c1ccccc1C(=O)OCCCCCCC,CCCCCCCCCOC(=O)c1ccccc1C(=O)OCCCCCCC,111381-89-6,,,daphnia_acute_ec50,0.358402463421572,mg/L,-6.037001982711138,,Daphnia magna,Animalia;Arthropoda;Crustacea;nan;Branchiopoda;Diplostraca;Daphniidae;Daphnia;Daphnia magna,in_vivo,aquatic,48.0,mortality,EPA ECOTOX ASCII,EPA ECOTOX,208586,2002,4,geomean,0.8824704352403682,high_cv
MYMSJFSOOQERIO-UHFFFAOYSA-N,CCCCCCCCCCBr,CCCCCCCCCCBr,112-29-8,,,daphnia_acute_ec50,0.11585832883057857,mg/L,-6.278658572089964,,Daphnia pulex,Animalia;Arthropoda;Crustacea;nan;Branchiopoda;Diplostraca;Daphniidae;Daphnia;Daphnia pulex,in_vivo,aquatic,48.0,mortality,EPA ECOTOX ASCII,EPA ECOTOX,154336,2018,3,geomean,0.8419691425682042,"high_cv,species_secondary"
RGHHSNMVTDWUBI-UHFFFAOYSA-N,O=Cc1ccc(O)cc1,Oc1ccc(C=O)cc1,123-08-0,,,daphnia_acute_ec50,49.3,mg/L,-3.3936438187511,,Daphnia magna,Animalia;Arthropoda;Crustacea;nan;Branchiopoda;Diplostraca;Daphniidae;Daphnia;Daphnia magna,in_vivo,aquatic,48.0,mortality,EPA ECOTOX ASCII,EPA ECOTOX,239719,2007,1,single,,
WXNZTHHGJRFXKQ-UHFFFAOYSA-N,Oc1ccc(Cl)cc1,Oc1ccc(Cl)cc1,106-48-9,,,daphnia_acute_ec50,2.5,mg/L,-4.709279774766644,,Daphnia magna,Animalia;Arthropoda;Crustacea;nan;Branchiopoda;Diplostraca;Daphniidae;Daphnia;Daphnia magna,in_vivo,aquatic,48.0,mortality,EPA ECOTOX ASCII,EPA ECOTOX,2455377,2019,1,single,,
CDLBFJPSMMOYOX-UHFFFAOYSA-N,CCCCC(CC)Cn1c(O)c2c(c1O)C1C=CC2C1,CCCCC(CC)CN1C(=O)C2C3CC(C=C3)C2C1=O,113-48-4,,,daphnia_acute_ec50,2.3,mg/L,-5.077902490789853,,Daphnia magna,Animalia;Arthropoda;Crustacea;nan;Branchiopoda;Diplostraca;Daphniidae;Daphnia;Daphnia magna,in_vivo,aquatic,48.0,mortality,EPA ECOTOX ASCII,EPA ECOTOX,2109736,2013,1,single,,
WGYKZJWCGVVSQN-UHFFFAOYSA-N,CCCN,CCCN,107-10-8,,,daphnia_acute_ec50,100.0,mg/L,-2.771392697562654,,Daphnia magna,Animalia;Arthropoda;Crustacea;nan;Branchiopoda;Diplostraca;Daphniidae;Daphnia;Daphnia magna,in_vivo,aquatic,48.0,mortality,EPA ECOTOX ASCII,EPA ECOTOX,199577,2001,1,single,,
KMAQZIILEGKYQZ-UHFFFAOYSA-N,O=[N+]([O-])c1cccc(Cl)c1,[O-][N+](=O)c1cccc(Cl)c1,121-73-3,,,daphnia_acute_ec50,4.5,mg/L,-4.54266792980122,,Daphnia magna,Animalia;Arthropoda;Crustacea;nan;Branchiopoda;Diplostraca;Daphniidae;Daphnia;Daphnia magna,in_vivo,aquatic,48.0,mortality,EPA ECOTOX ASCII,EPA ECOTOX,75313,2018,1,single,,
HQABUPZFAYXKJW-UHFFFAOYSA-N,CCCCN,CCCCN,109-73-9,,,daphnia_acute_ec50,100.0,mg/L,-2.863852907377443,,Daphnia magna,Animalia;Arthropoda;Crustacea;nan;Branchiopoda;Diplostraca;Daphniidae;Daphnia;Daphnia magna,in_vivo,aquatic,48.0,mortality,EPA ECOTOX ASCII,EPA ECOTOX,199579,2001,1,single,,
LDLCEGCJYSDJLX-OWOJBTEDSA-N,Cl/C=C/C[N+]12CN3CN(CN(C3)C1)C2,[Cl-].Cl/C=C/C[N+]12CN3CN(CN(C3)C1)C2,4080-31-3,,,daphnia_acute_ec50,32.86335345030996,mg/L,-3.815940244126348,,Daphnia magna,Animalia;Arthropoda;Crustacea;nan;Branchiopoda;Diplostraca;Daphniidae;Daphnia;Daphnia magna,in_vivo,aquatic,48.0,mortality,EPA ECOTOX ASCII,EPA ECOTOX,2109914,2013,2,geomean,0.2743996464306005,
APTZNLHMIGJTEW-UHFFFAOYSA-N,CCOC(=O)COc1cc(-c2nn(C)c(OC(F)F)c2Cl)c(F)cc1Cl,CCOC(=O)COc1cc(c(F)cc1Cl)c2nn(C)c(OC(F)F)c2Cl,129630-19-9,,,daphnia_acute_ec50,0.76,mg/L,-5.734105176573819,,Daphnia magna,Animalia;Arthropoda;Crustacea;nan;Branchiopoda;Diplostraca;Daphniidae;Daphnia;Daphnia magna,in_vivo,aquatic,48.0,mortality,EPA ECOTOX ASCII,EPA ECOTOX,2106629,2013,1,single,,
UUGLSEIATNSHRI-UHFFFAOYSA-N,O=C1N(CO)C2C(N1CO)N(CO)C(=O)N2CO,OCN1C2C(N(CO)C1=O)N(CO)C(=O)N2CO,5395-50-6,,,daphnia_acute_ec50,100.0,mg/L,-3.4184526615981192,,Daphnia magna,Animalia;Arthropoda;Crustacea;nan;Branchiopoda;Diplostraca;Daphniidae;Daphnia;Daphnia magna,in_vivo,aquatic,48.0,mortality,EPA ECOTOX ASCII,EPA ECOTOX,2113927,2013,1,single,,
AAPVQEMYVNZIOO-UHFFFAOYSA-N,O=S1(=O)OCC2C(CO1)C1(Cl)C(Cl)=C(Cl)C2(Cl)C1(Cl)Cl,ClC1=C(Cl)C2(Cl)C3CO[S](=O)(=O)OCC3C1(Cl)C2(Cl)Cl,1031-07-8,,,daphnia_acute_ec50,0.92,mg/L,-5.659266809754644,,Daphnia magna,Animalia;Arthropoda;Crustacea;nan;Branchiopoda;Diplostraca;Daphniidae;Daphnia;Daphnia magna,in_vivo,aquatic,48.0,mortality,EPA ECOTOX ASCII,EPA ECOTOX,745045,2009,1,single,,
ODCWYMIRDDJXKW-UHFFFAOYSA-N,CCNc1nc(Cl)nc(NCC)n1,CCNc1nc(Cl)nc(NCC)n1,122-34-9,,,daphnia_acute_ec50,1.9621416870348585,mg/L,-5.010634457958779,,Daphnia magna,Animalia;Arthropoda;Crustacea;nan;Branchiopoda;Diplostraca;Daphniidae;Daphnia;Daphnia magna,in_vivo,aquatic,48.0,mortality,EPA ECOTOX ASCII,EPA ECOTOX,2103577,2013,2,geomean,0.7378505542816148,high_cv
ONKNPOPIGWHAQC-UHFFFAOYSA-N,CC1COCc2cc3c(cc21)C(C)(C)C(C)C3(C)C,CC1COCc2cc3c(cc12)C(C)(C)C(C)C3(C)C,1222-05-5,,,daphnia_acute_ec50,2.684,mg/L,-4.983170977101829,,Daphnia magna,Animalia;Arthropoda;Crustacea;nan;Branchiopoda;Diplostraca;Daphniidae;Daphnia;Daphnia magna,in_vivo,aquatic,48.0,mortality,EPA ECOTOX ASCII,EPA ECOTOX,2466184,2019,1,single,,
ZOMSMJKLGFBRBS-UHFFFAOYSA-N,CC(C)N1C(=O)c2ccccc2NS1(=O)=O,[Na+].CC(C)N1C(=O)c2ccccc2[N-][S]1(=O)=O,50723-80-3,,,daphnia_acute_ec50,249.9999999999999,mg/L,-2.9823741183229533,,Daphnia magna,Animalia;Arthropoda;Crustacea;nan;Branchiopoda;Diplostraca;Daphniidae;Daphnia;Daphnia magna,in_vivo,aquatic,48.0,mortality,EPA ECOTOX ASCII,EPA ECOTOX,2113485,2013,2,geomean,0.848528137423857,high_cv
LBGPXIPGGRQBJW-UHFFFAOYSA-N,Cn1c(-c2ccccc2)cc(-c2ccccc2)[n+]1C,CO[S]([O-])(=O)=O.Cn1c(cc(c2ccccc2)[n+]1C)c3ccccc3,43222-48-6,,,daphnia_acute_ec50,2.53,mg/L,-4.993320542002532,,Daphnia magna,Animalia;Arthropoda;Crustacea;nan;Branchiopoda;Diplostraca;Daphniidae;Daphnia;Daphnia magna,in_vivo,aquatic,48.0,mortality,EPA ECOTOX ASCII,EPA ECOTOX,2104826,2013,1,single,,
PTFJIKYUEPWBMS-UHFFFAOYSA-N,C=C(C)CN(CC)c1c([N+](=O)[O-])cc(C(F)(F)F)cc1[N+](=O)[O-],CCN(CC(C)=C)c1c(cc(cc1[N+]([O-])=O)C(F)(F)F)[N+]([O-])=O,55283-68-6,,,daphnia_acute_ec50,0.06,mg/L,-6.744415090851802,,Daphnia magna,Animalia;Arthropoda;Crustacea;nan;Branchiopoda;Diplostraca;Daphniidae;Daphnia;Daphnia magna,in_vivo,aquatic,48.0,mortality,EPA ECOTOX ASCII,EPA ECOTOX,2108303,2013,1,single,,
ZZXUZKXVROWEIF-UHFFFAOYSA-N,CCC1COC(=O)O1,CCC1COC(=O)O1,4437-85-8,,,daphnia_acute_ec50,906.9307438730647,mg/L,-2.107061081337349,,Daphnia magna,Animalia;Arthropoda;Crustacea;nan;Branchiopoda;Diplostraca;Daphniidae;Daphnia;Daphnia magna,in_vivo,aquatic,48.0,mortality,EPA ECOTOX ASCII,EPA ECOTOX,2108859,2013,3,geomean,0.002928342294478416,
YTYGAJLZOJPJGH-UHFFFAOYSA-N,O=C(NC(=O)c1c(F)cccc1F)Nc1cc(Cl)c(OC(F)(F)C(F)C(F)(F)F)c(Cl)c1F,FC(C(F)(F)F)C(F)(F)Oc1c(Cl)cc(NC(=O)NC(=O)c2c(F)cccc2F)c(F)c1Cl,121451-02-3,,,daphnia_acute_ec50,0.000308,mg/L,-9.234057708105892,,Daphnia magna,Animalia;Arthropoda;Crustacea;nan;Branchiopoda;Diplostraca;Daphniidae;Daphnia;Daphnia magna,in_vivo,aquatic,48.0,mortality,EPA ECOTOX ASCII,EPA ECOTOX,2099153,2013,1,single,,
BMVXCPBXGZKUPN-UHFFFAOYSA-N,CCCCCCN,CCCCCCN,111-26-2,,,daphnia_acute_ec50,8.6,mg/L,-4.0703405401362955,,Daphnia magna,Animalia;Arthropoda;Crustacea;nan;Branchiopoda;Diplostraca;Daphniidae;Daphnia;Daphnia magna,in_vivo,aquatic,48.0,mortality,EPA ECOTOX ASCII,EPA ECOTOX,199581,2001,1,single,,
FMMWHPNWAFZXNH-UHFFFAOYSA-N,c1ccc2c(c1)cc1ccc3cccc4ccc2c1c34,c1ccc2c(c1)cc3ccc4cccc5ccc2c3c45,50-32-8,,,daphnia_acute_ec50,0.001261769635922648,mg/L,-8.30058226565724,,Daphnia magna,Animalia;Arthropoda;Crustacea;nan;Branchiopoda;Diplostraca;Daphniidae;Daphnia;Daphnia magna,in_vivo,aquatic,48.0,mortality,EPA ECOTOX ASCII,EPA ECOTOX,237823,2007,2,geomean,0.34910402556160625,
HUHGPYXAVBJSJV-UHFFFAOYSA-N,OCCN1CN(CCO)CN(CCO)C1,OCCN1CN(CCO)CN(CCO)C1,4719-04-4,,,daphnia_acute_ec50,26.1,mg/L,-3.9241173988562355,,Daphnia magna,Animalia;Arthropoda;Crustacea;nan;Branchiopoda;Diplostraca;Daphniidae;Daphnia;Daphnia magna,in_vivo,aquatic,48.0,mortality,EPA ECOTOX ASCII,EPA ECOTOX,2117127,2013,1,single,,
DGBPBDHXEBEPBN-UHFFFAOYSA-N,COP(=S)(OC)Oc1nc(Cl)n(C(C)C)n1,CO[P](=S)(OC)Oc1nn(C(C)C)c(Cl)n1,42509-83-1,,,daphnia_acute_ec50,0.0022,mg/L,-8.112437991158249,,Daphnia magna,Animalia;Arthropoda;Crustacea;nan;Branchiopoda;Diplostraca;Daphniidae;Daphnia;Daphnia magna,in_vivo,aquatic,48.0,mortality,EPA ECOTOX ASCII,EPA ECOTOX,2115860,2013,1,single,,
ZMZDMBWJUHKJPS-UHFFFAOYSA-N,N#CS,[Cu+].[S-]C#N,1111-67-7,,,daphnia_acute_ec50,0.02,mg/L,-6.469696641592711,,Daphnia magna,Animalia;Arthropoda;Crustacea;nan;Branchiopoda;Diplostraca;Daphniidae;Daphnia;Daphnia magna,in_vivo,aquatic,48.0,mortality,EPA ECOTOX ASCII,EPA ECOTOX,2112186,2013,1,single,,
GDLIGKIOYRNHDA-UHFFFAOYSA-N,CN(C)CCCN1c2ccccc2CCc2ccc(Cl)cc21,[H+].[Cl-].CN(C)CCCN1c2ccccc2CCc3ccc(Cl)cc13,17321-77-6,,,daphnia_acute_ec50,2.74,mg/L,-5.059393380788759,,Daphnia magna,Animalia;Arthropoda;Crustacea;nan;Branchiopoda;Diplostraca;Daphniidae;Daphnia;Daphnia magna,in_vivo,aquatic,48.0,mortality,EPA ECOTOX ASCII,EPA ECOTOX,2215448,2014,1,single,,
KYWIYKKSMDLRDC-UHFFFAOYSA-N,CCCCCCCCCC(C)=O,CCCCCCCCCC(C)=O,112-12-9,,,daphnia_acute_ec50,0.54,mg/L,-5.498481749320908,,Daphnia magna,Animalia;Arthropoda;Crustacea;nan;Branchiopoda;Diplostraca;Daphniidae;Daphnia;Daphnia magna,in_vivo,aquatic,48.0,mortality,EPA ECOTOX ASCII,EPA ECOTOX,2105320,2013,1,single,,
CGSLYBDCEGBZCG-UHFFFAOYSA-N,CCCCC(CC)COP(=O)(Oc1ccccc1)Oc1ccccc1,CCCCC(CC)CO[P](=O)(Oc1ccccc1)Oc2ccccc2,1241-94-7,,,daphnia_acute_ec50,0.15,mg/L,-6.382814853706016,,Daphnia magna,Animalia;Arthropoda;Crustacea;nan;Branchiopoda;Diplostraca;Daphniidae;Daphnia;Daphnia magna,in_vivo,aquatic,48.0,mortality,EPA ECOTOX ASCII,EPA ECOTOX,209010,2002,1,single,,
OLQJQHSAWMFDJE-UHFFFAOYSA-N,O=[N+]([O-])C(CO)(CO)CO,OCC(CO)(CO)[N+]([O-])=O,126-11-4,,,daphnia_acute_ec50,80.0,mg/L,-3.2760252003691166,,Daphnia magna,Animalia;Arthropoda;Crustacea;nan;Branchiopoda;Diplostraca;Daphniidae;Daphnia;Daphnia magna,in_vivo,aquatic,48.0,mortality,EPA ECOTOX ASCII,EPA ECOTOX,2112171,2013,1,single,,
MEFOUWRMVYJCQC-UHFFFAOYSA-N,CCS(=O)(=O)c1cccnc1S(=O)(=O)NC(=O)Nc1nc(OC)cc(OC)n1,CC[S](=O)(=O)c1cccnc1[S](=O)(=O)NC(=O)Nc2nc(OC)cc(OC)n2,122931-48-0,,,daphnia_acute_ec50,600.0,mg/L,-2.8563833911091043,,Daphnia magna,Animalia;Arthropoda;Crustacea;nan;Branchiopoda;Diplostraca;Daphniidae;Daphnia;Daphnia magna,in_vivo,aquatic,48.0,mortality,EPA ECOTOX ASCII,EPA ECOTOX,2107293,2013,2,geomean,0.6655122646461624,high_cv
RZXMPPFPUUCRFN-UHFFFAOYSA-N,Cc1ccc(N)cc1,Cc1ccc(N)cc1,106-49-0,,,daphnia_acute_ec50,0.12,mg/L,-5.950500750114535,,Daphnia magna,Animalia;Arthropoda;Crustacea;nan;Branchiopoda;Diplostraca;Daphniidae;Daphnia;Daphnia magna,in_vivo,aquatic,48.0,mortality,EPA ECOTOX ASCII,EPA ECOTOX,199612,2001,1,single,,
ZLKMOIHCHCMSFW-UHFFFAOYSA-N,O=C(O)c1cccc(Cl)n1,OC(=O)c1cccc(Cl)n1,4684-94-0,,,daphnia_acute_ec50,1.6,mg/L,-4.991760460920638,,Daphnia magna,Animalia;Arthropoda;Crustacea;nan;Branchiopoda;Diplostraca;Daphniidae;Daphnia;Daphnia magna,in_vivo,aquatic,48.0,mortality,EPA ECOTOX ASCII,EPA ECOTOX,601794,2012,1,single,,
BXNANOICGRISHX-UHFFFAOYSA-N,CCOP(=S)(OCC)Oc1ccc2c(C)c(Cl)c(=O)oc2c1,CCO[P](=S)(OCC)Oc1ccc2C(=C(Cl)C(=O)Oc2c1)C,56-72-4,,,daphnia_acute_ec50,0.000192,mg/L,-9.27542468797502,,Daphnia magna,Animalia;Arthropoda;Crustacea;nan;Branchiopoda;Diplostraca;Daphniidae;Daphnia;Daphnia magna,in_vivo,aquatic,48.0,mortality,EPA ECOTOX ASCII,EPA ECOTOX,2109992,2013,1,single,,
MELGLHXCBHKVJG-UHFFFAOYSA-N,CCCCCCCC[N+](C)(C)CCCCCCCC,[Cl-].CCCCCCCC[N+](C)(C)CCCCCCCC,5538-94-3,,,daphnia_acute_ec50,0.1,mg/L,-6.431870991930715,,Daphnia magna,Animalia;Arthropoda;Crustacea;nan;Branchiopoda;Diplostraca;Daphniidae;Daphnia;Daphnia magna,in_vivo,aquatic,48.0,mortality,EPA ECOTOX ASCII,EPA ECOTOX,2115663,2013,1,single,,
RLSSMJSEOOYNOY-UHFFFAOYSA-N,Cc1cccc(O)c1,Cc1cccc(O)c1,108-39-4,,,daphnia_acute_ec50,20.15,mg/L,-3.729379924866983,,Daphnia magna,Animalia;Arthropoda;Crustacea;nan;Branchiopoda;Diplostraca;Daphniidae;Daphnia;Daphnia magna,in_vivo,aquatic,48.0,mortality,EPA ECOTOX ASCII,EPA ECOTOX,2464137,2019,1,single,,
SFBIZPBTKROSDE-UHFFFAOYSA-N,CCCCCCCCOC(=O)C(C)O,CCCCCCCCOC(=O)C(C)O,5464-71-1,,,daphnia_acute_ec50,40.804411526206316,mg/L,-3.6949814386210935,,Daphnia magna,Animalia;Arthropoda;Crustacea;nan;Branchiopoda;Diplostraca;Daphniidae;Daphnia;Daphnia magna,in_vivo,aquatic,48.0,mortality,EPA ECOTOX ASCII,EPA ECOTOX,206884,2002,2,geomean,0.13797205486566783,
LOCWBQIWHWIRGN-UHFFFAOYSA-N,Nc1ccc([N+](=O)[O-])cc1Cl,Nc1ccc(cc1Cl)[N+]([O-])=O,121-87-9,,,daphnia_acute_ec50,1.7492855684535902,mg/L,-4.992677720002057,,Daphnia magna,Animalia;Arthropoda;Crustacea;nan;Branchiopoda;Diplostraca;Daphniidae;Daphnia;Daphnia magna,in_vivo,aquatic,48.0,mortality,EPA ECOTOX ASCII,EPA ECOTOX,39276,2018,2,geomean,0.04040610178208847,
MLKCGVHIFJBRCD-UHFFFAOYSA-N,CCOC(=O)C(Cl)Cc1cc(-n2nc(C)n(C(F)F)c2=O)c(F)cc1Cl,CCOC(=O)C(Cl)Cc1cc(N2N=C(C)N(C(F)F)C2=O)c(F)cc1Cl,128639-02-1,,,daphnia_acute_ec50,9.8,mg/L,-4.62265424064471,,Daphnia magna,Animalia;Arthropoda;Crustacea;nan;Branchiopoda;Diplostraca;Daphniidae;Daphnia;Daphnia magna,in_vivo,aquatic,48.0,mortality,EPA ECOTOX ASCII,EPA ECOTOX,2106240,2013,1,single,,
BPRYUXCVCCNUFE-UHFFFAOYSA-N,Cc1cc(C)c(O)c(C)c1,Cc1cc(C)c(O)c(C)c1,527-60-6,,,daphnia_acute_ec50,3.3,mg/L,-4.615308492587334,,Daphnia magna,Animalia;Arthropoda;Crustacea;nan;Branchiopoda;Diplostraca;Daphniidae;Daphnia;Daphnia magna,in_vivo,aquatic,48.0,mortality,EPA ECOTOX ASCII,EPA ECOTOX,2455505,2019,1,single,,
OORLZFUTLGXMEF-UHFFFAOYSA-N,Cc1nn(-c2cc(NS(C)(=O)=O)c(Cl)cc2Cl)c(=O)n1C(F)F,CC1=NN(C(=O)N1C(F)F)c2cc(N[S](C)(=O)=O)c(Cl)cc2Cl,122836-35-5,,,daphnia_acute_ec50,60.4,mg/L,-3.8055299705852987,,Daphnia magna,Animalia;Arthropoda;Crustacea;nan;Branchiopoda;Diplostraca;Daphniidae;Daphnia;Daphnia magna,in_vivo,aquatic,48.0,mortality,EPA ECOTOX ASCII,EPA ECOTOX,2105558,2013,1,single,,
WRXOZRLZDJAYDR-UHFFFAOYSA-N,Cc1cccc(S)c1,Cc1cccc(S)c1,108-40-7,,,daphnia_acute_ec50,0.007,mg/L,-7.24844505990974,,Daphnia pulex,Animalia;Arthropoda;Crustacea;nan;Branchiopoda;Diplostraca;Daphniidae;Daphnia;Daphnia pulex,in_vivo,aquatic,48.0,mortality,EPA ECOTOX ASCII,EPA ECOTOX,100632,2020,1,single,,species_secondary
CHIFOSRWCNZCFN-UHFFFAOYSA-N,CCC(CC)Nc1c([N+](=O)[O-])cc(C)c(C)c1[N+](=O)[O-],CCC(CC)Nc1c(cc(C)c(C)c1[N+]([O-])=O)[N+]([O-])=O,40487-42-1,,,daphnia_acute_ec50,1.1949895397031725,mg/L,-5.371554761497145,,Daphnia magna,Animalia;Arthropoda;Crustacea;nan;Branchiopoda;Diplostraca;Daphniidae;Daphnia;Daphnia magna,in_vivo,aquatic,48.0,mortality,EPA ECOTOX ASCII,EPA ECOTOX,2103272,2013,2,geomean,1.2670091766985723,high_cv
CRDAMVZIKSXKFV-YFVJMOTDSA-N,CC(C)=CCC/C(C)=C/CC/C(C)=C/CO,CC(C)=CCC\C(C)=C\CC\C(C)=C\CO,4602-84-0,,,daphnia_acute_ec50,2.2,mg/L,-5.00431817901312,,Daphnia magna,Animalia;Arthropoda;Crustacea;nan;Branchiopoda;Diplostraca;Daphniidae;Daphnia;Daphnia magna,in_vivo,aquatic,48.0,mortality,EPA ECOTOX ASCII,EPA ECOTOX,2110158,2013,1,single,,
MRUAUOIMASANKQ-UHFFFAOYSA-N,CCCCCCCCCCCC(=O)NCCC[N+](C)(C)CC(=O)[O-],CCCCCCCCCCCC(=O)NCCC[N+](C)(C)CC([O-])=O,4292-10-8,,,daphnia_acute_ec50,9.54,mg/L,-4.554843607533676,,Daphnia magna,Animalia;Arthropoda;Crustacea;nan;Branchiopoda;Diplostraca;Daphniidae;Daphnia;Daphnia magna,in_vivo,aquatic,48.0,mortality,EPA ECOTOX ASCII,EPA ECOTOX,2682684,2022,1,single,,
MZHCENGPTKEIGP-UHFFFAOYSA-N,CC(Oc1ccc(Cl)cc1Cl)C(=O)O,CC(Oc1ccc(Cl)cc1Cl)C(O)=O,120-36-5,,,daphnia_acute_ec50,5.809475019311125,mg/L,-4.605051220375749,,Daphnia magna,Animalia;Arthropoda;Crustacea;nan;Branchiopoda;Diplostraca;Daphniidae;Daphnia;Daphnia magna,in_vivo,aquatic,48.0,mortality,EPA ECOTOX ASCII,EPA ECOTOX,2102699,2013,2,geomean,0.10318296377829443,
FOUWCSDKDDHKQP-UHFFFAOYSA-N,C#CCN1C(=O)COc2cc(F)c(N3C(=O)C4=C(CCCC4)C3=O)cc21,Fc1cc2OCC(=O)N(CC#C)c2cc1N3C(=O)C4=C(CCCC4)C3=O,103361-09-7,,,daphnia_acute_ec50,5.5,mg/L,-4.808765181441744,,Daphnia magna,Animalia;Arthropoda;Crustacea;nan;Branchiopoda;Diplostraca;Daphniidae;Daphnia;Daphnia magna,in_vivo,aquatic,48.0,mortality,EPA ECOTOX ASCII,EPA ECOTOX,2104120,2013,1,single,,
OKIBNKKYNPBDRS-UHFFFAOYSA-N,CC(=O)Nc1cc(NS(=O)(=O)C(F)(F)F)c(C)cc1C,CC(=O)Nc1cc(N[S](=O)(=O)C(F)(F)F)c(C)cc1C.OCCNCCO,53780-36-2,,,daphnia_acute_ec50,103.0,mg/L,-3.4786083750331906,,Daphnia magna,Animalia;Arthropoda;Crustacea;nan;Branchiopoda;Diplostraca;Daphniidae;Daphnia;Daphnia magna,in_vivo,aquatic,48.0,mortality,EPA ECOTOX ASCII,EPA ECOTOX,2114596,2013,1,single,,
NWBJYWHLCVSVIJ-UHFFFAOYSA-N,c1ccc(CNc2ncnc3[nH]cnc23)cc1,C(Nc1ncnc2nc[nH]c12)c3ccccc3,1214-39-7,,,daphnia_acute_ec50,20.5,mg/L,-4.040624422511549,,Daphnia magna,Animalia;Arthropoda;Crustacea;nan;Branchiopoda;Diplostraca;Daphniidae;Daphnia;Daphnia magna,in_vivo,aquatic,48.0,mortality,EPA ECOTOX ASCII,EPA ECOTOX,2110013,2013,1,single,,
BGRDGMRNKXEXQD-UHFFFAOYSA-N,O=c1ccc(=O)[nH][nH]1,O=C1NNC(=O)C=C1,123-33-1,,,daphnia_acute_ec50,107.5,mg/L,-3.0179153170618886,,Daphnia magna,Animalia;Arthropoda;Crustacea;nan;Branchiopoda;Diplostraca;Daphniidae;Daphnia;Daphnia magna,in_vivo,aquatic,48.0,mortality,EPA ECOTOX ASCII,EPA ECOTOX,2116648,2013,1,single,,
QAYICIQNSGETAS-UHFFFAOYSA-N,CN1CSC(=S)N(C)C1,CN1CSC(=S)N(C)C1,533-74-4,,,daphnia_acute_ec50,1.92067696398952,mg/L,-4.9261371919402235,,Daphnia magna,Animalia;Arthropoda;Crustacea;nan;Branchiopoda;Diplostraca;Daphniidae;Daphnia;Daphnia magna,in_vivo,aquatic,48.0,mortality,EPA ECOTOX ASCII,EPA ECOTOX,2109658,2013,2,geomean,1.342402554291906,high_cv
XCLIHDJZGPCUBT-UHFFFAOYSA-N,C[Si](C)(O)O,C[Si](C)(O)O,1066-42-8,,,daphnia_acute_ec50,117.0,mg/L,-2.8957405213220877,,Daphnia magna,Animalia;Arthropoda;Crustacea;nan;Branchiopoda;Diplostraca;Daphniidae;Daphnia;Daphnia magna,in_vivo,aquatic,48.0,mortality,EPA ECOTOX ASCII,EPA ECOTOX,2712285,2023,1,single,,
QIGBRXMKCJKVMJ-UHFFFAOYSA-N,Oc1ccc(O)cc1,Oc1ccc(O)cc1,123-31-9,,,daphnia_acute_ec50,0.194164878389476,mg/L,-5.7533671958243175,,Daphnia magna,Animalia;Arthropoda;Crustacea;nan;Branchiopoda;Diplostraca;Daphniidae;Daphnia;Daphnia magna,in_vivo,aquatic,48.0,mortality,EPA ECOTOX ASCII,EPA ECOTOX,2455517,2019,2,geomean,0.5387480237611789,high_cv
JRBPAEWTRLWTQC-UHFFFAOYSA-N,CCCCCCCCCCCCN,CCCCCCCCCCCCN,124-22-1,,,daphnia_acute_ec50,0.026,mg/L,-6.852701283539914,,Daphnia magna,Animalia;Arthropoda;Crustacea;nan;Branchiopoda;Diplostraca;Daphniidae;Daphnia;Daphnia magna,in_vivo,aquatic,48.0,mortality,EPA ECOTOX ASCII,EPA ECOTOX,200102,2001,1,single,,
RTHCYVBBDHJXIQ-UHFFFAOYSA-N,CNCCC(Oc1ccc(C(F)(F)F)cc1)c1ccccc1,[H+].[Cl-].CNCCC(Oc1ccc(cc1)C(F)(F)F)c2ccccc2,56296-78-7,,,daphnia_acute_ec50,6.150121950010423,mg/L,-4.701263114628124,,Daphnia magna,Animalia;Arthropoda;Crustacea;nan;Branchiopoda;Diplostraca;Daphniidae;Daphnia;Daphnia magna,in_vivo,aquatic,48.0,mortality,EPA ECOTOX ASCII,EPA ECOTOX,2161034,2013,2,geomean,0.05629282254775117,
SNIOPGDIGTZGOP-UHFFFAOYSA-N,O=[N+]([O-])OCC(CO[N+](=O)[O-])O[N+](=O)[O-],[O-][N+](=O)OCC(CO[N+]([O-])=O)O[N+]([O-])=O,55-63-0,,,daphnia_acute_ec50,46.0,mg/L,-3.693272959107104,,Daphnia magna,Animalia;Arthropoda;Crustacea;nan;Branchiopoda;Diplostraca;Daphniidae;Daphnia;Daphnia magna,in_vivo,aquatic,48.0,mortality,EPA ECOTOX ASCII,EPA ECOTOX,44006,2001,1,single,,
WKOLLVMJNQIZCI-UHFFFAOYSA-N,COc1cc(C(=O)O)ccc1O,COc1cc(ccc1O)C(O)=O,121-34-6,,,daphnia_acute_ec50,908.0,mg/L,-2.2673326619429894,,Daphnia magna,Animalia;Arthropoda;Crustacea;nan;Branchiopoda;Diplostraca;Daphniidae;Daphnia;Daphnia magna,in_vivo,aquatic,48.0,mortality,EPA ECOTOX ASCII,EPA ECOTOX,239712,2007,1,single,,
SJSOFNCYXJUNBT-UHFFFAOYSA-N,COc1cc(C(=O)O)cc(OC)c1OC,COc1cc(cc(OC)c1OC)C(O)=O,118-41-2,,,daphnia_acute_ec50,5200.0,mg/L,-1.6104727666092198,,Daphnia magna,Animalia;Arthropoda;Crustacea;nan;Branchiopoda;Diplostraca;Daphniidae;Daphnia;Daphnia magna,in_vivo,aquatic,48.0,mortality,EPA ECOTOX ASCII,EPA ECOTOX,239703,2007,1,single,,
RUVINXPYWBROJD-ONEGZZNKSA-N,C/C=C/c1ccc(OC)cc1,COc1ccc(\C=C\C)cc1,4180-23-8,,,daphnia_acute_ec50,4.25,mg/L,-4.542133327893703,,Daphnia magna,Animalia;Arthropoda;Crustacea;nan;Branchiopoda;Diplostraca;Daphniidae;Daphnia;Daphnia magna,in_vivo,aquatic,48.0,mortality,EPA ECOTOX ASCII,EPA ECOTOX,2162265,2013,1,single,,
PBKONEOXTCPAFI-UHFFFAOYSA-N,Clc1ccc(Cl)c(Cl)c1,Clc1ccc(Cl)c(Cl)c1,120-82-1,,,daphnia_acute_ec50,3.0248044870645114,mg/L,-4.7744063513386115,,Daphnia magna,Animalia;Arthropoda;Crustacea;nan;Branchiopoda;Diplostraca;Daphniidae;Daphnia;Daphnia magna,in_vivo,aquatic,48.0,mortality,EPA ECOTOX ASCII,EPA ECOTOX,2806529,2025,2,geomean,0.16050246751592184,
GELCOLZWXWHMIB-UHFFFAOYSA-N,CCCC(CC)(CCC)C(=O)NC,CCCC(CC)(CCC)C(=O)NC,105726-67-8,,,daphnia_acute_ec50,130.0,mg/L,-3.153645953322175,,Daphnia magna,Animalia;Arthropoda;Crustacea;nan;Branchiopoda;Diplostraca;Daphniidae;Daphnia;Daphnia magna,in_vivo,aquatic,48.0,mortality,EPA ECOTOX ASCII,EPA ECOTOX,2112638,2013,1,single,,
GKKDCARASOJPNG-UHFFFAOYSA-N,CC1OC(C)OC(C)OC(C)O1,CC1OC(C)OC(C)OC(C)O1,108-62-3,,,daphnia_acute_ec50,77.66,mg/L,-3.355573952745895,,Daphnia magna,Animalia;Arthropoda;Crustacea;nan;Branchiopoda;Diplostraca;Daphniidae;Daphnia;Daphnia magna,in_vivo,aquatic,48.0,mortality,EPA ECOTOX ASCII,EPA ECOTOX,2106864,2013,1,single,,
PLIKAWJENQZMHA-UHFFFAOYSA-N,Nc1ccc(O)cc1,Nc1ccc(O)cc1,123-30-8,,,daphnia_acute_ec50,0.24,mg/L,-5.657425435144767,,Daphnia magna,Animalia;Arthropoda;Crustacea;nan;Branchiopoda;Diplostraca;Daphniidae;Daphnia;Daphnia magna,in_vivo,aquatic,48.0,mortality,EPA ECOTOX ASCII,EPA ECOTOX,2455452,2019,1,single,,
KGVPNLBXJKTABS-UHFFFAOYSA-N,Cc1cc(=O)[nH]o1,CC1=CC(=O)NO1,10004-44-1,,,daphnia_acute_ec50,30.8,mg/L,-3.507224957974203,,Daphnia magna,Animalia;Arthropoda;Crustacea;nan;Branchiopoda;Diplostraca;Daphniidae;Daphnia;Daphnia magna,in_vivo,aquatic,48.0,mortality,EPA ECOTOX ASCII,EPA ECOTOX,2107882,2013,1,single,,
CNKHSLKYRMDDNQ-UHFFFAOYSA-N,CC(C)(C)N(NC(=O)c1ccc(Cl)cc1)C(=O)c1ccccc1,CC(C)(C)N(NC(=O)c1ccc(Cl)cc1)C(=O)c2ccccc2,112226-61-6,,,daphnia_acute_ec50,3.6,mg/L,-4.962360791682692,,Daphnia magna,Animalia;Arthropoda;Crustacea;nan;Branchiopoda;Diplostraca;Daphniidae;Daphnia;Daphnia magna,in_vivo,aquatic,48.0,mortality,EPA ECOTOX ASCII,EPA ECOTOX,2110197,2013,1,single,,
NCMJQZVNCFTQPG-UHFFFAOYSA-N,CCCCOCCOC(=O)C(C)Oc1ccc(Cl)cc1Cl,CCCCOCCOC(=O)C(C)Oc1ccc(Cl)cc1Cl,53404-31-2,,,daphnia_acute_ec50,1.2549900398011136,mg/L,-5.425202221848901,,Daphnia magna,Animalia;Arthropoda;Crustacea;nan;Branchiopoda;Diplostraca;Daphniidae;Daphnia;Daphnia magna,in_vivo,aquatic,48.0,mortality,EPA ECOTOX ASCII,EPA ECOTOX,2113765,2013,2,geomean,1.41414341463061,high_cv
IOQPZZOEVPZRBK-UHFFFAOYSA-N,CCCCCCCCN,CCCCCCCCN,111-86-4,,,daphnia_acute_ec50,1.9,mg/L,-4.832346692947549,,Daphnia magna,Animalia;Arthropoda;Crustacea;nan;Branchiopoda;Diplostraca;Daphniidae;Daphnia;Daphnia magna,in_vivo,aquatic,48.0,mortality,EPA ECOTOX ASCII,EPA ECOTOX,199583,2001,1,single,,
DPBLXKKOBLCELK-UHFFFAOYSA-N,CCCCCN,CCCCCN,110-58-7,,,daphnia_acute_ec50,56.0,mg/L,-3.191854057995271,,Daphnia magna,Animalia;Arthropoda;Crustacea;nan;Branchiopoda;Diplostraca;Daphniidae;Daphnia;Daphnia magna,in_vivo,aquatic,48.0,mortality,EPA ECOTOX ASCII,EPA ECOTOX,200106,2001,1,single,,
UMKANAFDOQQUKE-UHFFFAOYSA-N,CCCN(CCC)c1c([N+](=O)[O-])cc(S(C)(=O)=O)cc1[N+](=O)[O-],CCCN(CCC)c1c(cc(cc1[N+]([O-])=O)[S](C)(=O)=O)[N+]([O-])=O,4726-14-1,,,daphnia_acute_ec50,0.004,mg/L,-7.935884283773621,,Daphnia magna,Animalia;Arthropoda;Crustacea;nan;Branchiopoda;Diplostraca;Daphniidae;Daphnia;Daphnia magna,in_vivo,aquatic,48.0,mortality,EPA ECOTOX ASCII,EPA ECOTOX,606058,2012,1,single,,
DMYHGDXADUDKCQ-UHFFFAOYSA-N,CC(C)(C)c1ccc(CCOc2ncnc3ccccc23)cc1,CC(C)(C)c1ccc(CCOc2ncnc3ccccc23)cc1,120928-09-8,,,daphnia_acute_ec50,0.0056,mg/L,-7.737779165187356,,Daphnia magna,Animalia;Arthropoda;Crustacea;nan;Branchiopoda;Diplostraca;Daphniidae;Daphnia;Daphnia magna,in_vivo,aquatic,48.0,mortality,EPA ECOTOX ASCII,EPA ECOTOX,2114108,2013,1,single,,
BGRWYDHXPHLNKA-UHFFFAOYSA-N,CC(=O)N(CCN(C(C)=O)C(C)=O)C(C)=O,CC(=O)N(CCN(C(C)=O)C(C)=O)C(C)=O,10543-57-4,,,daphnia_acute_ec50,1000.0,mg/L,-2.3581462417017045,,Daphnia magna,Animalia;Arthropoda;Crustacea;nan;Branchiopoda;Diplostraca;Daphniidae;Daphnia;Daphnia magna,in_vivo,aquatic,48.0,mortality,EPA ECOTOX ASCII,EPA ECOTOX,2111660,2013,1,single,,
HXDOZKJGKXYMEW-UHFFFAOYSA-N,CCc1ccc(O)cc1,CCc1ccc(O)cc1,123-07-9,,,daphnia_acute_ec50,5.7,mg/L,-4.330745348818201,,Daphnia magna,Animalia;Arthropoda;Crustacea;nan;Branchiopoda;Diplostraca;Daphniidae;Daphnia;Daphnia magna,in_vivo,aquatic,48.0,mortality,EPA ECOTOX ASCII,EPA ECOTOX,2455529,2019,1,single,,
FMGZEUWROYGLAY-UHFFFAOYSA-N,COC(=O)c1c(Cl)nn(C)c1S(=O)(=O)NC(=O)Nc1nc(OC)cc(OC)n1,COC(=O)c1c(Cl)nn(C)c1[S](=O)(=O)NC(=O)Nc2nc(OC)cc(OC)n2,100784-20-1,,,daphnia_acute_ec50,107.0,mg/L,-3.6081471232941404,,Daphnia magna,Animalia;Arthropoda;Crustacea;nan;Branchiopoda;Diplostraca;Daphniidae;Daphnia;Daphnia magna,in_vivo,aquatic,48.0,mortality,EPA ECOTOX ASCII,EPA ECOTOX,2107818,2013,1,single,,
YNTJKQDWYXUTLZ-UHFFFAOYSA-N,CC(Oc1cccc(Cl)c1)C(=O)O,[Na+].CC(Oc1cccc(Cl)c1)C([O-])=O,53404-22-1,,,daphnia_acute_ec50,902.0,mg/L,-2.3458756177264077,,Daphnia magna,Animalia;Arthropoda;Crustacea;nan;Branchiopoda;Diplostraca;Daphniidae;Daphnia;Daphnia magna,in_vivo,aquatic,48.0,mortality,EPA ECOTOX ASCII,EPA ECOTOX,2115498,2013,1,single,,
QHMTXANCGGJZRX-WUXMJOGZSA-N,CC1=NNC(=O)N(/N=C/c2cccnc2)C1,CC1=NNC(=O)N(C1)\N=C\c2cccnc2,123312-89-0,,,daphnia_acute_ec50,87.0,mg/L,-3.397133289134617,,Daphnia magna,Animalia;Arthropoda;Crustacea;nan;Branchiopoda;Diplostraca;Daphniidae;Daphnia;Daphnia magna,in_vivo,aquatic,48.0,mortality,EPA ECOTOX ASCII,EPA ECOTOX,2101780,2013,1,single,,
RAPBNVDSDCTNRC-UHFFFAOYSA-N,CCOC(=O)C(O)(c1ccc(Cl)cc1)c1ccc(Cl)cc1,CCOC(=O)C(O)(c1ccc(Cl)cc1)c2ccc(Cl)cc2,510-15-6,,,daphnia_acute_ec50,0.87,mg/L,-5.571068648307135,,Daphnia pulex,Animalia;Arthropoda;Crustacea;nan;Branchiopoda;Diplostraca;Daphniidae;Daphnia;Daphnia pulex,in_vivo,aquatic,48.0,mortality,EPA ECOTOX ASCII,EPA ECOTOX,601784,2012,1,single,,species_secondary
YIMQCDZDWXUDCA-UHFFFAOYSA-N,OCC1CCC(CO)CC1,OCC1CCC(CO)CC1,105-08-8,,,daphnia_acute_ec50,100.0,mg/L,-3.158709275734032,,Daphnia magna,Animalia;Arthropoda;Crustacea;nan;Branchiopoda;Diplostraca;Daphniidae;Daphnia;Daphnia magna,in_vivo,aquatic,48.0,mortality,EPA ECOTOX ASCII,EPA ECOTOX,2396902,2017,1,single,,
DFCAFRGABIXSDS-UHFFFAOYSA-N,CCSC(=O)N(CC)C1CCCCC1,CCSC(=O)N(CC)C1CCCCC1,1134-23-2,,,daphnia_acute_ec50,24.0,mg/L,-3.952498588243964,,Daphnia magna,Animalia;Arthropoda;Crustacea;nan;Branchiopoda;Diplostraca;Daphniidae;Daphnia;Daphnia magna,in_vivo,aquatic,48.0,mortality,EPA ECOTOX ASCII,EPA ECOTOX,2105090,2013,1,single,,
ZCNQYNHDVRPZIH-UHFFFAOYSA-N,COC(=O)CSc1cc(N=c2sc(=O)n3n2CCCC3)c(F)cc1Cl,COC(=O)CSc1cc(N=C2SC(=O)N3CCCCN23)c(F)cc1Cl,117337-19-6,,,daphnia_acute_ec50,2.3,mg/L,-5.243601714460619,,Daphnia magna,Animalia;Arthropoda;Crustacea;nan;Branchiopoda;Diplostraca;Daphniidae;Daphnia;Daphnia magna,in_vivo,aquatic,48.0,mortality,EPA ECOTOX ASCII,EPA ECOTOX,2106309,2013,1,single,,
KKEYFWRCBNTPAC-UHFFFAOYSA-N,O=C(O)c1ccc(C(=O)O)cc1,OC(=O)c1ccc(cc1)C(O)=O,100-21-0,,,daphnia_acute_ec50,10.0,mg/L,-4.220177696915629,,Daphnia magna,Animalia;Arthropoda;Crustacea;nan;Branchiopoda;Diplostraca;Daphniidae;Daphnia;Daphnia magna,in_vivo,aquatic,48.0,mortality,EPA ECOTOX ASCII,EPA ECOTOX,2396917,2017,1,single,,
OSUHJPCHFDQAIT-UHFFFAOYSA-N,CCOC(=O)C(C)Oc1ccc(Oc2cnc3cc(Cl)ccc3n2)cc1,CCOC(=O)[C@@H](C)Oc1ccc(Oc2cnc3cc(Cl)ccc3n2)cc1,100646-51-3,,,daphnia_acute_ec50,0.35,mg/L,-6.026577251702954,,Daphnia magna,Animalia;Arthropoda;Crustacea;nan;Branchiopoda;Diplostraca;Daphniidae;Daphnia;Daphnia magna,in_vivo,aquatic,48.0,mortality,EPA ECOTOX ASCII,EPA ECOTOX,2099820,2013,1,single,,
KPUREKXXPHOJQT-UHFFFAOYSA-N,CS(=O)(=O)c1ccc(C(=O)C2C(=O)CCCC2=O)c([N+](=O)[O-])c1,C[S](=O)(=O)c1ccc(C(=O)C2C(=O)CCCC2=O)c(c1)[N+]([O-])=O,104206-82-8,,,daphnia_acute_ec50,840.0,mg/L,-2.6059732836430576,,Daphnia magna,Animalia;Arthropoda;Crustacea;nan;Branchiopoda;Diplostraca;Daphniidae;Daphnia;Daphnia magna,in_vivo,aquatic,48.0,mortality,EPA ECOTOX ASCII,EPA ECOTOX,2115012,2013,1,single,,
BHZWBQPHPLFZSV-UHFFFAOYSA-N,CCCCCCC(=O)Oc1c(Br)cc(C#N)cc1Br,CCCCCCC(=O)Oc1c(Br)cc(cc1Br)C#N,56634-95-8,,,daphnia_acute_ec50,0.031,mg/L,-7.096289737248691,,Daphnia magna,Animalia;Arthropoda;Crustacea;nan;Branchiopoda;Diplostraca;Daphniidae;Daphnia;Daphnia magna,in_vivo,aquatic,48.0,mortality,EPA ECOTOX ASCII,EPA ECOTOX,2101469,2013,1,single,,
CXJSOEPQXUCJSA-UHFFFAOYSA-N,CCOP(=S)(OCC)Oc1ccc(=O)n(-c2ccccc2)n1,CCO[P](=S)(OCC)OC1=NN(C(=O)C=C1)c2ccccc2,119-12-0,,,daphnia_acute_ec50,0.00092,mg/L,-8.56777368037947,,Daphnia magna,Animalia;Arthropoda;Crustacea;nan;Branchiopoda;Diplostraca;Daphniidae;Daphnia;Daphnia magna,in_vivo,aquatic,48.0,mortality,EPA ECOTOX ASCII,EPA ECOTOX,748209,2009,1,single,,
UPJMCYOGPGHMHO-UHFFFAOYSA-N,COC(C)(C)CCCC(C)C=CC=C(C)CC(=O)OC(C)C,COC(C)(C)CCCC(C)C\C=C\C(C)=C\C(=O)OC(C)C,40596-69-8,,,daphnia_acute_ec50,0.89,mg/L,-5.542322896309376,,Daphnia magna,Animalia;Arthropoda;Crustacea;nan;Branchiopoda;Diplostraca;Daphniidae;Daphnia;Daphnia magna,in_vivo,aquatic,48.0,mortality,EPA ECOTOX ASCII,EPA ECOTOX,2100396,2013,1,single,,
RTCOGUMHFFWOJV-UHFFFAOYSA-N,COc1cc(OC)nc(NC(=O)NS(=O)(=O)c2ncccc2C(=O)N(C)C)n1,COc1cc(OC)nc(NC(=O)N[S](=O)(=O)c2ncccc2C(=O)N(C)C)n1,111991-09-4,,,daphnia_acute_ec50,1000.0,mg/L,-2.612890672924058,,Daphnia magna,Animalia;Arthropoda;Crustacea;nan;Branchiopoda;Diplostraca;Daphniidae;Daphnia;Daphnia magna,in_vivo,aquatic,48.0,mortality,EPA ECOTOX ASCII,EPA ECOTOX,2114038,2013,1,single,,
SUSRORUBZHMPCO-UHFFFAOYSA-N,COC(=O)c1cc(Oc2ccc(Cl)cc2Cl)ccc1[N+](=O)[O-],COC(=O)c1cc(Oc2ccc(Cl)cc2Cl)ccc1[N+]([O-])=O,42576-02-3,,,daphnia_acute_ec50,0.35,mg/L,-5.988668220934382,,Daphnia magna,Animalia;Arthropoda;Crustacea;nan;Branchiopoda;Diplostraca;Daphniidae;Daphnia;Daphnia magna,in_vivo,aquatic,48.0,mortality,EPA ECOTOX ASCII,EPA ECOTOX,2108622,2013,1,single,,
ZDWSNKPLZUXBPE-UHFFFAOYSA-N,CC(C)(C)c1cc(O)cc(C(C)(C)C)c1,CC(C)(C)c1cc(O)cc(c1)C(C)(C)C,1138-52-9,,,daphnia_acute_ec50,1.7,mg/L,-5.0837703676465695,,Daphnia magna,Animalia;Arthropoda;Crustacea;nan;Branchiopoda;Diplostraca;Daphniidae;Daphnia;Daphnia magna,in_vivo,aquatic,48.0,mortality,EPA ECOTOX ASCII,EPA ECOTOX,2455583,2019,1,single,,
ZFSLODLOARCGLH-UHFFFAOYSA-N,O=c1[nH]c(=O)[nH]c(=O)[nH]1,O=C1NC(=O)NC(=O)N1,108-80-5,,,daphnia_acute_ec50,1000.0,mg/L,-2.1106484234694394,,Daphnia magna,Animalia;Arthropoda;Crustacea;nan;Branchiopoda;Diplostraca;Daphniidae;Daphnia;Daphnia magna,in_vivo,aquatic,48.0,mortality,EPA ECOTOX ASCII,EPA ECOTOX,2111773,2013,1,single,,
DLDJFQGPPSQZKI-UHFFFAOYSA-N,OCC#CCO,OCC#CCO,110-65-6,,,daphnia_acute_ec50,30.2,mg/L,-3.454677202353247,,Daphnia magna,Animalia;Arthropoda;Crustacea;nan;Branchiopoda;Diplostraca;Daphniidae;Daphnia;Daphnia magna,in_vivo,aquatic,48.0,mortality,EPA ECOTOX ASCII,EPA ECOTOX,2268013,2015,1,single,,
