inchikey,smiles_canonical,smiles_original,cas,name,chembl_id,endpoint,value,value_units,value_log,value_class,species,species_taxonomy,test_type,exposure_route,exposure_duration_h,effect,source,source_ref,source_record_id,year_reported,aggregation_n,aggregation_method,aggregation_cv,quality_flags,study_id
SAAQCXUGTMJCCJ-UHFFFAOYSA-N,O=[N+]([O-])NC1=NCCN1Cc1ccc(Cl)cn1,C1=C(Cl)C=NC(=C1)CN2C(=N[N+](=O)[O-])NCC2,100-000-0,imidacloprid,,soil_dt50,10.0,days,1.0,,soil,,,soil,,degradation,EAWAG-SOIL via enviPath,https://envipath.org,study_0001,1995,1,single,,,study_0001
SBPBAQFWLVIOKP-UHFFFAOYSA-N,CCOP(=S)(OCC)Oc1nc(Cl)c(Cl)cc1Cl,CCOP(=S)(OCC)Oc1nc(Cl)c(Cl)cc1Cl,100-001-0,chlorpyrifos,,soil_dt50,12.5,days,1.0969100130080565,,soil,,,soil,,degradation,EAWAG-SOIL via enviPath,https://envipath.org,study_0002,1996,2,single,0.5303300858899107,high_cv,study_0002
SBPBAQFWLVIOKP-UHFFFAOYSA-N,CCOP(=S)(OCC)Oc1nc(Cl)c(Cl)cc1Cl,CCOP(=S)(OCC)Oc1nc(Cl)c(Cl)cc1Cl,100-001-1,chlorpyrifos,,soil_dt50,27.5,days,1.4393326938302626,,soil,,,soil,,degradation,EAWAG-SOIL via enviPath,https://envipath.org,study_0003,1997,2,single,0.5303300858899107,high_cv,study_0003
OWZREIFADZCYQD-UHFFFAOYSA-N,CC1(C)C(C=C(Br)Br)C1C(=O)OC(C#N)c1cccc(Oc2ccccc2)c1,CC1(C)C(C1C(=O)OC(C#N)c2cccc(Oc3ccccc3)c2)C=C(Br)Br,100-002-0,deltamethrin,,soil_dt50,15.0,days,1.1760912590556813,,soil,,,soil,,degradation,EAWAG-SOIL via enviPath,https://envipath.org,study_0004,1997,3,single,0.5,,study_0004
OWZREIFADZCYQD-UHFFFAOYSA-N,CC1(C)C(C=C(Br)Br)C1C(=O)OC(C#N)c1cccc(Oc2ccccc2)c1,CC1(C)C(C1C(=O)OC(C#N)c2cccc(Oc3ccccc3)c2)C=C(Br)Br,100-002-1,deltamethrin,,soil_dt50,30.0,days,1.4771212547196624,,soil,,,soil,,degradation,EAWAG-SOIL via enviPath,https://envipath.org,study_0005,1998,3,single,0.5,,study_0005
OWZREIFADZCYQD-UHFFFAOYSA-N,CC1(C)C(C=C(Br)Br)C1C(=O)OC(C#N)c1cccc(Oc2ccccc2)c1,CC1(C)C(C1C(=O)OC(C#N)c2cccc(Oc3ccccc3)c2)C=C(Br)Br,100-002-2,deltamethrin,,soil_dt50,45.0,days,1.6532125137753437,,soil,,,soil,,degradation,EAWAG-SOIL via enviPath,https://envipath.org,study_0006,1999,3,single,0.5,,study_0006
FLTVCMACTPSSGY-UHFFFAOYSA-N,N#Cc1c([S+]([O-])C(F)(F)F)c(N)nn1-c1c(Cl)cc(Cl)cc1Cl,N#Cc1c(S(=O)C(F)(F)F)c(N)nn1-c2c(Cl)cc(Cl)cc2Cl,100-003-0,fipronil,,soil_dt50,17.5,days,1.2430380486862944,,soil,,,soil,,degradation,EAWAG-SOIL via enviPath,https://envipath.org,study_0007,1998,4,single,0.4841229182759271,,study_0007
FLTVCMACTPSSGY-UHFFFAOYSA-N,N#Cc1c([S+]([O-])C(F)(F)F)c(N)nn1-c1c(Cl)cc(Cl)cc1Cl,N#Cc1c(S(=O)C(F)(F)F)c(N)nn1-c2c(Cl)cc(Cl)cc2Cl,100-003-1,fipronil,,soil_dt50,32.5,days,1.5118833609788744,,soil,,,soil,,degradation,EAWAG-SOIL via enviPath,https://envipath.org,study_0008,1999,4,single,0.4841229182759271,,study_0008
FLTVCMACTPSSGY-UHFFFAOYSA-N,N#Cc1c([S+]([O-])C(F)(F)F)c(N)nn1-c1c(Cl)cc(Cl)cc1Cl,N#Cc1c(S(=O)C(F)(F)F)c(N)nn1-c2c(Cl)cc(Cl)cc2Cl,100-003-2,fipronil,,soil_dt50,47.5,days,1.6766936096248666,,soil,,,soil,,degradation,EAWAG-SOIL via enviPath,https://envipath.org,study_0009,2000,4,single,0.4841229182759271,,study_0009
FLTVCMACTPSSGY-UHFFFAOYSA-N,N#Cc1c([S+]([O-])C(F)(F)F)c(N)nn1-c1c(Cl)cc(Cl)cc1Cl,N#Cc1c(S(=O)C(F)(F)F)c(N)nn1-c2c(Cl)cc(Cl)cc2Cl,100-003-3,fipronil,,soil_dt50,62.5,days,1.7958800173440752,,soil,,,soil,,degradation,EAWAG-SOIL via enviPath,https://envipath.org,study_0010,2001,4,single,0.4841229182759271,,study_0010
LZGHIKQCORIFDW-UHFFFAOYSA-N,Cc1c(C(=O)Nc2cc(Cl)cc(C(=O)NC(C)C)c2Cl)nn(-c2ncccc2Cl)c1Br,Cc1c(C(=O)Nc2cc(Cl)cc(C(=O)NC(C)C)c2Cl)nn(-c3c(Cl)cccn3)c1Br,100-004-0,chlorantraniliprole,,soil_dt50,20.0,days,1.3010299956639813,,soil,,,soil,,degradation,EAWAG-SOIL via enviPath,https://envipath.org,study_0011,1999,1,single,,,study_0011
XDDAORKBJWWYJS-UHFFFAOYSA-N,O=C(O)CNCP(=O)(O)O,C(C(=O)O)NCP(=O)(O)O,100-005-0,glyphosate,,soil_dt50,22.5,days,1.3521825181113625,,soil,,,soil,,degradation,EAWAG-SOIL via enviPath,https://envipath.org,study_0012,2000,2,single,0.3535533905932738,,study_0012
XDDAORKBJWWYJS-UHFFFAOYSA-N,O=C(O)CNCP(=O)(O)O,C(C(=O)O)NCP(=O)(O)O,100-005-1,glyphosate,,soil_dt50,37.5,days,1.5740312677277188,,soil,,,soil,,degradation,EAWAG-SOIL via enviPath,https://envipath.org,study_0013,2001,2,single,0.3535533905932738,,study_0013
MXWJVTOOROXGIU-UHFFFAOYSA-N,CCNc1nc(Cl)nc(NC(C)C)n1,CCNC1=NC(=NC(=N1)Cl)NC(C)C,100-006-0,atrazine,,soil_dt50,25.0,days,1.3979400086720377,,soil,,,soil,,degradation,EAWAG-SOIL via enviPath,https://envipath.org,study_0014,2001,3,single,0.375,,study_0014
MXWJVTOOROXGIU-UHFFFAOYSA-N,CCNc1nc(Cl)nc(NC(C)C)n1,CCNC1=NC(=NC(=N1)Cl)NC(C)C,100-006-1,atrazine,,soil_dt50,40.0,days,1.6020599913279625,,soil,,,soil,,degradation,EAWAG-SOIL via enviPath,https://envipath.org,study_0015,2002,3,single,0.375,,study_0015
MXWJVTOOROXGIU-UHFFFAOYSA-N,CCNc1nc(Cl)nc(NC(C)C)n1,CCNC1=NC(=NC(=N1)Cl)NC(C)C,100-006-2,atrazine,,soil_dt50,55.0,days,1.7403626894942439,,soil,,,soil,,degradation,EAWAG-SOIL via enviPath,https://envipath.org,study_0016,2003,3,single,0.375,,study_0016
VOOCRSZCSBMRRF-UHFFFAOYSA-N,CS(=O)(=O)c1ccc([N+](=O)[O-])c(C(=O)C2CCCC(=O)C2=O)c1,CS(=O)(=O)c1ccc(c(c1)C(=O)C2=C(O)C(=O)CCC2)[N+](=O)[O-],100-007-0,mesotrione,,soil_dt50,27.5,days,1.4393326938302626,,soil,,,soil,,degradation,EAWAG-SOIL via enviPath,https://envipath.org,study_0017,2002,4,single,0.3872983346207417,,study_0017
VOOCRSZCSBMRRF-UHFFFAOYSA-N,CS(=O)(=O)c1ccc([N+](=O)[O-])c(C(=O)C2CCCC(=O)C2=O)c1,CS(=O)(=O)c1ccc(c(c1)C(=O)C2=C(O)C(=O)CCC2)[N+](=O)[O-],100-007-1,mesotrione,,soil_dt50,42.5,days,1.6283889300503116,,soil,,,soil,,degradation,EAWAG-SOIL via enviPath,https://envipath.org,study_0018,2003,4,single,0.3872983346207417,,study_0018
VOOCRSZCSBMRRF-UHFFFAOYSA-N,CS(=O)(=O)c1ccc([N+](=O)[O-])c(C(=O)C2CCCC(=O)C2=O)c1,CS(=O)(=O)c1ccc(c(c1)C(=O)C2=C(O)C(=O)CCC2)[N+](=O)[O-],100-007-2,mesotrione,,soil_dt50,57.5,days,1.7596678446896306,,soil,,,soil,,degradation,EAWAG-SOIL via enviPath,https://envipath.org,study_0019,2004,4,single,0.3872983346207417,,study_0019
VOOCRSZCSBMRRF-UHFFFAOYSA-N,CS(=O)(=O)c1ccc([N+](=O)[O-])c(C(=O)C2CCCC(=O)C2=O)c1,CS(=O)(=O)c1ccc(c(c1)C(=O)C2=C(O)C(=O)CCC2)[N+](=O)[O-],100-007-3,mesotrione,,soil_dt50,72.5,days,1.8603380065709938,,soil,,,soil,,degradation,EAWAG-SOIL via enviPath,https://envipath.org,study_0020,2005,4,single,0.3872983346207417,,study_0020
UMGUWHJHKWNCHG-UHFFFAOYSA-N,COc1nc(C)nc(NS(=O)(=O)c2ccccc2Cl)n1,COc1nc(NS(=O)(=O)c2ccccc2Cl)nc(C)n1,100-008-0,chlorsulfuron,,soil_dt50,30.0,days,1.4771212547196624,,soil,,,soil,,degradation,EAWAG-SOIL via enviPath,https://envipath.org,study_0021,2003,1,single,,,study_0021
IAJOBQBIJHVGMQ-UHFFFAOYSA-N,CP(=O)(O)CCC(N)C(=O)O,CP(=O)(O)CCC(N)C(=O)O,100-009-0,glufosinate,,soil_dt50,32.5,days,1.5118833609788744,,soil,,,soil,,degradation,EAWAG-SOIL via enviPath,https://envipath.org,study_0022,2004,2,single,0.26516504294495535,,study_0022
IAJOBQBIJHVGMQ-UHFFFAOYSA-N,CP(=O)(O)CCC(N)C(=O)O,CP(=O)(O)CCC(N)C(=O)O,100-009-1,glufosinate,,soil_dt50,47.5,days,1.6766936096248666,,soil,,,soil,,degradation,EAWAG-SOIL via enviPath,https://envipath.org,study_0023,2005,2,single,0.26516504294495535,,study_0023
MGLDJQXOKJEWAP-UHFFFAOYSA-N,COC(C=O)c1ccccc1Oc1cc(Oc2ccccc2C#N)ncn1,COC(=CO)c1ccccc1Oc2cc(Oc3ccccc3C#N)ncn2,100-010-0,azoxystrobin,,soil_dt50,35.0,days,1.5440680443502757,,soil,,,soil,,degradation,EAWAG-SOIL via enviPath,https://envipath.org,study_0024,2005,3,single,0.3,,study_0024
MGLDJQXOKJEWAP-UHFFFAOYSA-N,COC(C=O)c1ccccc1Oc1cc(Oc2ccccc2C#N)ncn1,COC(=CO)c1ccccc1Oc2cc(Oc3ccccc3C#N)ncn2,100-010-1,azoxystrobin,,soil_dt50,50.0,days,1.6989700043360187,,soil,,,soil,,degradation,EAWAG-SOIL via enviPath,https://envipath.org,study_0025,2006,3,single,0.3,,study_0025
MGLDJQXOKJEWAP-UHFFFAOYSA-N,COC(C=O)c1ccccc1Oc1cc(Oc2ccccc2C#N)ncn1,COC(=CO)c1ccccc1Oc2cc(Oc3ccccc3C#N)ncn2,100-010-2,azoxystrobin,,soil_dt50,65.0,days,1.8129133566428555,,soil,,,soil,,degradation,EAWAG-SOIL via enviPath,https://envipath.org,study_0026,2007,3,single,0.3,,study_0026
STJLVHWMYQXCPB-UHFFFAOYSA-N,CCCC1COC(Cn2cncn2)(c2ccc(Cl)cc2Cl)O1,CCCC1COC(O1)(CN2C=NC=N2)C3=C(C=C(C=C3)Cl)Cl,100-011-0,propiconazole,,soil_dt50,37.5,days,1.5740312677277188,,soil,,,soil,,degradation,EAWAG-SOIL via enviPath,https://envipath.org,study_0027,2006,4,single,0.3227486121839514,,study_0027
STJLVHWMYQXCPB-UHFFFAOYSA-N,CCCC1COC(Cn2cncn2)(c2ccc(Cl)cc2Cl)O1,CCCC1COC(O1)(CN2C=NC=N2)C3=C(C=C(C=C3)Cl)Cl,100-011-1,propiconazole,,soil_dt50,52.5,days,1.7201593034059568,,soil,,,soil,,degradation,EAWAG-SOIL via enviPath,https://envipath.org,study_0028,2007,4,single,0.3227486121839514,,study_0028
STJLVHWMYQXCPB-UHFFFAOYSA-N,CCCC1COC(Cn2cncn2)(c2ccc(Cl)cc2Cl)O1,CCCC1COC(O1)(CN2C=NC=N2)C3=C(C=C(C=C3)Cl)Cl,100-011-2,propiconazole,,soil_dt50,67.5,days,1.8293037728310249,,soil,,,soil,,degradation,EAWAG-SOIL via enviPath,https://envipath.org,study_0029,2008,4,single,0.3227486121839514,,study_0029
STJLVHWMYQXCPB-UHFFFAOYSA-N,CCCC1COC(Cn2cncn2)(c2ccc(Cl)cc2Cl)O1,CCCC1COC(O1)(CN2C=NC=N2)C3=C(C=C(C=C3)Cl)Cl,100-011-3,propiconazole,,soil_dt50,82.5,days,1.916453948549925,,soil,,,soil,,degradation,EAWAG-SOIL via enviPath,https://envipath.org,study_0030,2009,4,single,0.3227486121839514,,study_0030
KENYIRBDJMVELE-UHFFFAOYSA-N,O=C(Nc1ccc(Cl)cc1)c1ccccc1-c1ccc(Cl)cn1,O=C(Nc1ccc(Cl)cc1)c2ccccc2-c3ccc(Cl)cn3,100-012-0,boscalid,,soil_dt50,40.0,days,1.6020599913279625,,soil,,,soil,,degradation,EAWAG-SOIL via enviPath,https://envipath.org,study_0031,2007,1,single,,,study_0031
AHFIWOXBOQEEJE-UHFFFAOYSA-N,CC(C)(C)C(O)(Cc1ccc(Cl)cc1)Cn1cncn1,CC(C)(C)C(O)(CC1=CC=C(C=C1)Cl)CN2C=NC=N2,100-013-0,tebuconazole,,soil_dt50,42.5,days,1.6283889300503116,,soil,,,soil,,degradation,EAWAG-SOIL via enviPath,https://envipath.org,study_0032,2008,2,single,0.21213203435596426,,study_0032
AHFIWOXBOQEEJE-UHFFFAOYSA-N,CC(C)(C)C(O)(Cc1ccc(Cl)cc1)Cn1cncn1,CC(C)(C)C(O)(CC1=CC=C(C=C1)Cl)CN2C=NC=N2,100-013-1,tebuconazole,,soil_dt50,57.5,days,1.7596678446896306,,soil,,,soil,,degradation,EAWAG-SOIL via enviPath,https://envipath.org,study_0033,2009,2,single,0.21213203435596426,,study_0033
UHOVQNZJYSORNB-UHFFFAOYSA-N,c1ccccc1,c1ccccc1,100-016-0,benzene,,soil_dt50,50.0,days,1.6989700043360187,,soil,,,soil,,degradation,EAWAG-SOIL via enviPath,https://envipath.org,study_0041,2011,1,single,,,study_0041
RYYVLZVUVIJVGH-UHFFFAOYSA-N,Cn1c(=O)c2c(ncn2C)n(C)c1=O,CN1C=NC2=C1C(=O)N(C(=O)N2C)C,100-017-0,caffeine,,soil_dt50,52.5,days,1.7201593034059568,,soil,,,soil,,degradation,EAWAG-SOIL via enviPath,https://envipath.org,study_0042,2012,2,single,0.1767766952966369,,study_0042
RYYVLZVUVIJVGH-UHFFFAOYSA-N,Cn1c(=O)c2c(ncn2C)n(C)c1=O,CN1C=NC2=C1C(=O)N(C(=O)N2C)C,100-017-1,caffeine,,soil_dt50,67.5,days,1.8293037728310249,,soil,,,soil,,degradation,EAWAG-SOIL via enviPath,https://envipath.org,study_0043,2013,2,single,0.1767766952966369,,study_0043
RZVAJINKPMORJF-UHFFFAOYSA-N,CC(=O)Nc1ccc(O)cc1,CC(=O)NC1=CC=C(O)C=C1,100-018-0,paracetamol,,soil_dt50,55.0,days,1.7403626894942439,,soil,,,soil,,degradation,EAWAG-SOIL via enviPath,https://envipath.org,study_0044,2013,3,single,0.21428571428571427,,study_0044
RZVAJINKPMORJF-UHFFFAOYSA-N,CC(=O)Nc1ccc(O)cc1,CC(=O)NC1=CC=C(O)C=C1,100-018-1,paracetamol,,soil_dt50,70.0,days,1.845098040014257,,soil,,,soil,,degradation,EAWAG-SOIL via enviPath,https://envipath.org,study_0045,2014,3,single,0.21428571428571427,,study_0045
RZVAJINKPMORJF-UHFFFAOYSA-N,CC(=O)Nc1ccc(O)cc1,CC(=O)NC1=CC=C(O)C=C1,100-018-2,paracetamol,,soil_dt50,85.0,days,1.9294189257142929,,soil,,,soil,,degradation,EAWAG-SOIL via enviPath,https://envipath.org,study_0046,2015,3,single,0.21428571428571427,,study_0046
WXNZTHHGJRFXKQ-UHFFFAOYSA-N,Oc1ccc(Cl)cc1,c1cc(O)ccc1Cl,100-019-0,4-chlorophenol,,soil_dt50,57.5,days,1.7596678446896306,,soil,,,soil,,degradation,EAWAG-SOIL via enviPath,https://envipath.org,study_0047,2014,4,single,0.24206145913796356,,study_0047
WXNZTHHGJRFXKQ-UHFFFAOYSA-N,Oc1ccc(Cl)cc1,c1cc(O)ccc1Cl,100-019-1,4-chlorophenol,,soil_dt50,72.5,days,1.8603380065709938,,soil,,,soil,,degradation,EAWAG-SOIL via enviPath,https://envipath.org,study_0048,2015,4,single,0.24206145913796356,,study_0048
WXNZTHHGJRFXKQ-UHFFFAOYSA-N,Oc1ccc(Cl)cc1,c1cc(O)ccc1Cl,100-019-2,4-chlorophenol,,soil_dt50,87.5,days,1.9420080530223132,,soil,,,soil,,degradation,EAWAG-SOIL via enviPath,https://envipath.org,study_0049,2016,4,single,0.24206145913796356,,study_0049
WXNZTHHGJRFXKQ-UHFFFAOYSA-N,Oc1ccc(Cl)cc1,c1cc(O)ccc1Cl,100-019-3,4-chlorophenol,,soil_dt50,102.5,days,2.010723865391773,,soil,,,soil,,degradation,EAWAG-SOIL via enviPath,https://envipath.org,study_0050,2017,4,single,0.24206145913796356,,study_0050
PMPVIKIVABFJJI-UHFFFAOYSA-N,C1CCC1,C1CCC1,100-021-0,cycloalkane_ring_4,,soil_dt50,62.5,days,1.7958800173440752,,soil,,,soil,,degradation,EAWAG-SOIL via enviPath,https://envipath.org,study_0052,1996,2,single,0.15152288168283162,,study_0052
PMPVIKIVABFJJI-UHFFFAOYSA-N,C1CCC1,C1CCC1,100-021-1,cycloalkane_ring_4,,soil_dt50,77.5,days,1.8893017025063104,,soil,,,soil,,degradation,EAWAG-SOIL via enviPath,https://envipath.org,study_0053,1997,2,single,0.15152288168283162,,study_0053
RGSFGYAAUTVSQA-UHFFFAOYSA-N,C1CCCC1,C1CCCC1,100-022-0,cycloalkane_ring_5,,soil_dt50,65.0,days,1.8129133566428555,,soil,,,soil,,degradation,EAWAG-SOIL via enviPath,https://envipath.org,study_0054,1997,3,single,0.1875,,study_0054
RGSFGYAAUTVSQA-UHFFFAOYSA-N,C1CCCC1,C1CCCC1,100-022-1,cycloalkane_ring_5,,soil_dt50,80.0,days,1.9030899869919435,,soil,,,soil,,degradation,EAWAG-SOIL via enviPath,https://envipath.org,study_0055,1998,3,single,0.1875,,study_0055
RGSFGYAAUTVSQA-UHFFFAOYSA-N,C1CCCC1,C1CCCC1,100-022-2,cycloalkane_ring_5,,soil_dt50,95.0,days,1.9777236052888478,,soil,,,soil,,degradation,EAWAG-SOIL via enviPath,https://envipath.org,study_0056,1999,3,single,0.1875,,study_0056
XDTMQSROBMDMFD-UHFFFAOYSA-N,C1CCCCC1,C1CCCCC1,100-023-0,cycloalkane_ring_6,,soil_dt50,67.5,days,1.8293037728310249,,soil,,,soil,,degradation,EAWAG-SOIL via enviPath,https://envipath.org,study_0057,1998,4,single,0.2151657414559676,,study_0057
XDTMQSROBMDMFD-UHFFFAOYSA-N,C1CCCCC1,C1CCCCC1,100-023-1,cycloalkane_ring_6,,soil_dt50,82.5,days,1.916453948549925,,soil,,,soil,,degradation,EAWAG-SOIL via enviPath,https://envipath.org,study_0058,1999,4,single,0.2151657414559676,,study_0058
XDTMQSROBMDMFD-UHFFFAOYSA-N,C1CCCCC1,C1CCCCC1,100-023-2,cycloalkane_ring_6,,soil_dt50,97.5,days,1.9890046156985368,,soil,,,soil,,degradation,EAWAG-SOIL via enviPath,https://envipath.org,study_0059,2000,4,single,0.2151657414559676,,study_0059
XDTMQSROBMDMFD-UHFFFAOYSA-N,C1CCCCC1,C1CCCCC1,100-023-3,cycloalkane_ring_6,,soil_dt50,112.5,days,2.0511525224473814,,soil,,,soil,,degradation,EAWAG-SOIL via enviPath,https://envipath.org,study_0060,2001,4,single,0.2151657414559676,,study_0060
DMEGYFMYUHOHGS-UHFFFAOYSA-N,C1CCCCCC1,C1CCCCCC1,100-024-0,cycloalkane_ring_7,,soil_dt50,70.0,days,1.845098040014257,,soil,,,soil,,degradation,EAWAG-SOIL via enviPath,https://envipath.org,study_0061,1999,1,single,,,study_0061
WJTCGQSWYFHTAC-UHFFFAOYSA-N,C1CCCCCCC1,C1CCCCCCC1,100-025-0,cycloalkane_ring_8,,soil_dt50,72.5,days,1.8603380065709938,,soil,,,soil,,degradation,EAWAG-SOIL via enviPath,https://envipath.org,study_0062,2000,2,single,0.13258252147247768,,study_0062
WJTCGQSWYFHTAC-UHFFFAOYSA-N,C1CCCCCCC1,C1CCCCCCC1,100-025-1,cycloalkane_ring_8,,soil_dt50,87.5,days,1.9420080530223132,,soil,,,soil,,degradation,EAWAG-SOIL via enviPath,https://envipath.org,study_0063,2001,2,single,0.13258252147247768,,study_0063
GPTJTTCOVDDHER-UHFFFAOYSA-N,C1CCCCCCCC1,C1CCCCCCCC1,100-026-0,cycloalkane_ring_9,,soil_dt50,75.0,days,1.8750612633917,,soil,,,soil,,degradation,EAWAG-SOIL via enviPath,https://envipath.org,study_0064,2001,3,single,0.16666666666666666,,study_0064
GPTJTTCOVDDHER-UHFFFAOYSA-N,C1CCCCCCCC1,C1CCCCCCCC1,100-026-1,cycloalkane_ring_9,,soil_dt50,90.0,days,1.9542425094393248,,soil,,,soil,,degradation,EAWAG-SOIL via enviPath,https://envipath.org,study_0065,2002,3,single,0.16666666666666666,,study_0065
GPTJTTCOVDDHER-UHFFFAOYSA-N,C1CCCCCCCC1,C1CCCCCCCC1,100-026-2,cycloalkane_ring_9,,soil_dt50,105.0,days,2.0211892990699383,,soil,,,soil,,degradation,EAWAG-SOIL via enviPath,https://envipath.org,study_0066,2003,3,single,0.16666666666666666,,study_0066
LMGZGXSXHCMSAA-UHFFFAOYSA-N,C1CCCCCCCCC1,C1CCCCCCCCC1,100-027-0,cycloalkane_ring_10,,soil_dt50,77.5,days,1.8893017025063104,,soil,,,soil,,degradation,EAWAG-SOIL via enviPath,https://envipath.org,study_0067,2002,4,single,0.19364916731037085,,study_0067
LMGZGXSXHCMSAA-UHFFFAOYSA-N,C1CCCCCCCCC1,C1CCCCCCCCC1,100-027-1,cycloalkane_ring_10,,soil_dt50,92.5,days,1.9661417327390325,,soil,,,soil,,degradation,EAWAG-SOIL via enviPath,https://envipath.org,study_0068,2003,4,single,0.19364916731037085,,study_0068
LMGZGXSXHCMSAA-UHFFFAOYSA-N,C1CCCCCCCCC1,C1CCCCCCCCC1,100-027-2,cycloalkane_ring_10,,soil_dt50,107.5,days,2.031408464251624,,soil,,,soil,,degradation,EAWAG-SOIL via enviPath,https://envipath.org,study_0069,2004,4,single,0.19364916731037085,,study_0069
LMGZGXSXHCMSAA-UHFFFAOYSA-N,C1CCCCCCCCC1,C1CCCCCCCCC1,100-027-3,cycloalkane_ring_10,,soil_dt50,122.5,days,2.0881360887005513,,soil,,,soil,,degradation,EAWAG-SOIL via enviPath,https://envipath.org,study_0070,2005,4,single,0.19364916731037085,,study_0070
KYTNZWVKKKJXFS-UHFFFAOYSA-N,C1CCCCCCCCCC1,C1CCCCCCCCCC1,100-028-0,cycloalkane_ring_11,,soil_dt50,80.0,days,1.9030899869919435,,soil,,,soil,,degradation,EAWAG-SOIL via enviPath,https://envipath.org,study_0071,2003,1,single,,,study_0071
DDTBPAQBQHZRDW-UHFFFAOYSA-N,C1CCCCCCCCCCC1,C1CCCCCCCCCCC1,100-029-0,cycloalkane_ring_12,,soil_dt50,82.5,days,1.916453948549925,,soil,,,soil,,degradation,EAWAG-SOIL via enviPath,https://envipath.org,study_0072,2004,2,single,0.11785113019775792,,study_0072
DDTBPAQBQHZRDW-UHFFFAOYSA-N,C1CCCCCCCCCCC1,C1CCCCCCCCCCC1,100-029-1,cycloalkane_ring_12,,soil_dt50,97.5,days,1.9890046156985368,,soil,,,soil,,degradation,EAWAG-SOIL via enviPath,https://envipath.org,study_0073,2005,2,single,0.11785113019775792,,study_0073
UEVXKGPJXXDGCX-UHFFFAOYSA-N,C1CCCCCCCCCCCC1,C1CCCCCCCCCCCC1,100-030-0,cycloalkane_ring_13,,soil_dt50,85.0,days,1.9294189257142929,,soil,,,soil,,degradation,EAWAG-SOIL via enviPath,https://envipath.org,study_0074,2005,3,single,0.15,,study_0074
UEVXKGPJXXDGCX-UHFFFAOYSA-N,C1CCCCCCCCCCCC1,C1CCCCCCCCCCCC1,100-030-1,cycloalkane_ring_13,,soil_dt50,100.0,days,2.0,,soil,,,soil,,degradation,EAWAG-SOIL via enviPath,https://envipath.org,study_0075,2006,3,single,0.15,,study_0075
UEVXKGPJXXDGCX-UHFFFAOYSA-N,C1CCCCCCCCCCCC1,C1CCCCCCCCCCCC1,100-030-2,cycloalkane_ring_13,,soil_dt50,115.0,days,2.060697840353612,,soil,,,soil,,degradation,EAWAG-SOIL via enviPath,https://envipath.org,study_0076,2007,3,single,0.15,,study_0076
KATXJJSCAPBIOB-UHFFFAOYSA-N,C1CCCCCCCCCCCCC1,C1CCCCCCCCCCCCC1,100-031-0,cycloalkane_ring_14,,soil_dt50,87.5,days,1.9420080530223132,,soil,,,soil,,degradation,EAWAG-SOIL via enviPath,https://envipath.org,study_0077,2006,4,single,0.17604469755488258,,study_0077
KATXJJSCAPBIOB-UHFFFAOYSA-N,C1CCCCCCCCCCCCC1,C1CCCCCCCCCCCCC1,100-031-1,cycloalkane_ring_14,,soil_dt50,102.5,days,2.010723865391773,,soil,,,soil,,degradation,EAWAG-SOIL via enviPath,https://envipath.org,study_0078,2007,4,single,0.17604469755488258,,study_0078
KATXJJSCAPBIOB-UHFFFAOYSA-N,C1CCCCCCCCCCCCC1,C1CCCCCCCCCCCCC1,100-031-2,cycloalkane_ring_14,,soil_dt50,117.5,days,2.070037866607755,,soil,,,soil,,degradation,EAWAG-SOIL via enviPath,https://envipath.org,study_0079,2008,4,single,0.17604469755488258,,study_0079
KATXJJSCAPBIOB-UHFFFAOYSA-N,C1CCCCCCCCCCCCC1,C1CCCCCCCCCCCCC1,100-031-3,cycloalkane_ring_14,,soil_dt50,132.5,days,2.1222158782728267,,soil,,,soil,,degradation,EAWAG-SOIL via enviPath,https://envipath.org,study_0080,2009,4,single,0.17604469755488258,,study_0080
SRONXYPFSAKOGH-UHFFFAOYSA-N,C1CCCCCCCCCCCCCC1,C1CCCCCCCCCCCCCC1,100-032-0,cycloalkane_ring_15,,soil_dt50,90.0,days,1.9542425094393248,,soil,,,soil,,degradation,EAWAG-SOIL via enviPath,https://envipath.org,study_0081,2007,1,single,,,study_0081
JJWIOXUMXIOXQN-UHFFFAOYSA-N,C1CCCCCCCCCCCCCCC1,C1CCCCCCCCCCCCCCC1,100-033-0,cycloalkane_ring_16,,soil_dt50,92.5,days,1.9661417327390325,,soil,,,soil,,degradation,EAWAG-SOIL via enviPath,https://envipath.org,study_0082,2008,2,single,0.10606601717798213,,study_0082
JJWIOXUMXIOXQN-UHFFFAOYSA-N,C1CCCCCCCCCCCCCCC1,C1CCCCCCCCCCCCCCC1,100-033-1,cycloalkane_ring_16,,soil_dt50,107.5,days,2.031408464251624,,soil,,,soil,,degradation,EAWAG-SOIL via enviPath,https://envipath.org,study_0083,2009,2,single,0.10606601717798213,,study_0083
SUAZRRTWDATHDK-UHFFFAOYSA-N,C1CCCCCCCCCCCCCCCC1,C1CCCCCCCCCCCCCCCC1,100-034-0,cycloalkane_ring_17,,soil_dt50,95.0,days,1.9777236052888478,,soil,,,soil,,degradation,EAWAG-SOIL via enviPath,https://envipath.org,study_0084,2009,3,single,0.13636363636363635,,study_0084
SUAZRRTWDATHDK-UHFFFAOYSA-N,C1CCCCCCCCCCCCCCCC1,C1CCCCCCCCCCCCCCCC1,100-034-1,cycloalkane_ring_17,,soil_dt50,110.0,days,2.041392685158225,,soil,,,soil,,degradation,EAWAG-SOIL via enviPath,https://envipath.org,study_0085,2010,3,single,0.13636363636363635,,study_0085
SUAZRRTWDATHDK-UHFFFAOYSA-N,C1CCCCCCCCCCCCCCCC1,C1CCCCCCCCCCCCCCCC1,100-034-2,cycloalkane_ring_17,,soil_dt50,125.0,days,2.0969100130080562,,soil,,,soil,,degradation,EAWAG-SOIL via enviPath,https://envipath.org,study_0086,2011,3,single,0.13636363636363635,,study_0086
JNFIMRWCDIOUMT-UHFFFAOYSA-N,C1CCCCCCCCCCCCCCCCC1,C1CCCCCCCCCCCCCCCCC1,100-035-0,cycloalkane_ring_18,,soil_dt50,97.5,days,1.9890046156985368,,soil,,,soil,,degradation,EAWAG-SOIL via enviPath,https://envipath.org,study_0087,2010,4,single,0.1613743060919757,,study_0087
JNFIMRWCDIOUMT-UHFFFAOYSA-N,C1CCCCCCCCCCCCCCCCC1,C1CCCCCCCCCCCCCCCCC1,100-035-1,cycloalkane_ring_18,,soil_dt50,112.5,days,2.0511525224473814,,soil,,,soil,,degradation,EAWAG-SOIL via enviPath,https://envipath.org,study_0088,2011,4,single,0.1613743060919757,,study_0088
JNFIMRWCDIOUMT-UHFFFAOYSA-N,C1CCCCCCCCCCCCCCCCC1,C1CCCCCCCCCCCCCCCCC1,100-035-2,cycloalkane_ring_18,,soil_dt50,127.5,days,2.105510184769974,,soil,,,soil,,degradation,EAWAG-SOIL via enviPath,https://envipath.org,study_0089,2012,4,single,0.1613743060919757,,study_0089
JNFIMRWCDIOUMT-UHFFFAOYSA-N,C1CCCCCCCCCCCCCCCCC1,C1CCCCCCCCCCCCCCCCC1,100-035-3,cycloalkane_ring_18,,soil_dt50,142.5,days,2.153814864344529,,soil,,,soil,,degradation,EAWAG-SOIL via enviPath,https://envipath.org,study_0090,2013,4,single,0.1613743060919757,,study_0090
SMTWDFISDOTPCZ-UHFFFAOYSA-N,C1CCCCCCCCCCCCCCCCCC1,C1CCCCCCCCCCCCCCCCCC1,100-036-0,cycloalkane_ring_19,,soil_dt50,100.0,days,2.0,,soil,,,soil,,degradation,EAWAG-SOIL via enviPath,https://envipath.org,study_0091,2011,1,single,,,study_0091
ZBLGFUHEYYJSSE-UHFFFAOYSA-N,C1CCCCCCCCCCCCCCCCCCC1,C1CCCCCCCCCCCCCCCCCCC1,100-037-0,cycloalkane_ring_20,,soil_dt50,102.5,days,2.010723865391773,,soil,,,soil,,degradation,EAWAG-SOIL via enviPath,https://envipath.org,study_0092,2012,2,single,0.09642365197998376,,study_0092
ZBLGFUHEYYJSSE-UHFFFAOYSA-N,C1CCCCCCCCCCCCCCCCCCC1,C1CCCCCCCCCCCCCCCCCCC1,100-037-1,cycloalkane_ring_20,,soil_dt50,117.5,days,2.070037866607755,,soil,,,soil,,degradation,EAWAG-SOIL via enviPath,https://envipath.org,study_0093,2013,2,single,0.09642365197998376,,study_0093
JQPXEQQDYZHEDV-UHFFFAOYSA-N,C1CCCCCCCCCCCCCCCCCCCC1,C1CCCCCCCCCCCCCCCCCCCC1,100-038-0,cycloalkane_ring_21,,soil_dt50,105.0,days,2.0211892990699383,,soil,,,soil,,degradation,EAWAG-SOIL via enviPath,https://envipath.org,study_0094,2013,3,single,0.125,,study_0094
JQPXEQQDYZHEDV-UHFFFAOYSA-N,C1CCCCCCCCCCCCCCCCCCCC1,C1CCCCCCCCCCCCCCCCCCCC1,100-038-1,cycloalkane_ring_21,,soil_dt50,120.0,days,2.0791812460476247,,soil,,,soil,,degradation,EAWAG-SOIL via enviPath,https://envipath.org,study_0095,2014,3,single,0.125,,study_0095
JQPXEQQDYZHEDV-UHFFFAOYSA-N,C1CCCCCCCCCCCCCCCCCCCC1,C1CCCCCCCCCCCCCCCCCCCC1,100-038-2,cycloalkane_ring_21,,soil_dt50,135.0,days,2.130333768495006,,soil,,,soil,,degradation,EAWAG-SOIL via enviPath,https://envipath.org,study_0096,2015,3,single,0.125,,study_0096
COZWXTZNDSMXKZ-UHFFFAOYSA-N,C1CCCCCCCCCCCCCCCCCCCCC1,C1CCCCCCCCCCCCCCCCCCCCC1,100-039-0,cycloalkane_ring_22,,soil_dt50,107.5,days,2.031408464251624,,soil,,,soil,,degradation,EAWAG-SOIL via enviPath,https://envipath.org,study_0097,2014,4,single,0.1489608979310545,,study_0097
COZWXTZNDSMXKZ-UHFFFAOYSA-N,C1CCCCCCCCCCCCCCCCCCCCC1,C1CCCCCCCCCCCCCCCCCCCCC1,100-039-1,cycloalkane_ring_22,,soil_dt50,122.5,days,2.0881360887005513,,soil,,,soil,,degradation,EAWAG-SOIL via enviPath,https://envipath.org,study_0098,2015,4,single,0.1489608979310545,,study_0098
COZWXTZNDSMXKZ-UHFFFAOYSA-N,C1CCCCCCCCCCCCCCCCCCCCC1,C1CCCCCCCCCCCCCCCCCCCCC1,100-039-2,cycloalkane_ring_22,,soil_dt50,137.5,days,2.1383026981662816,,soil,,,soil,,degradation,EAWAG-SOIL via enviPath,https://envipath.org,study_0099,2016,4,single,0.1489608979310545,,study_0099
COZWXTZNDSMXKZ-UHFFFAOYSA-N,C1CCCCCCCCCCCCCCCCCCCCC1,C1CCCCCCCCCCCCCCCCCCCCC1,100-039-3,cycloalkane_ring_22,,soil_dt50,152.5,days,2.1832698436828046,,soil,,,soil,,degradation,EAWAG-SOIL via enviPath,https://envipath.org,study_0100,2017,4,single,0.1489608979310545,,study_0100
UAEPNZWRGJTJPN-UHFFFAOYSA-N,CC1CCCCC1,C1CCCCC1C,100-040-0,alkylcyclohexane_1,,soil_dt50,110.0,days,2.041392685158225,,soil,,,soil,,degradation,EAWAG-SOIL via enviPath,https://envipath.org,study_0101,1995,1,single,,,study_0101
IIEWJVIFRVWJOD-UHFFFAOYSA-N,CCC1CCCCC1,C1CCCCC1CC,100-041-0,alkylcyclohexane_2,,soil_dt50,112.5,days,2.0511525224473814,,soil,,,soil,,degradation,EAWAG-SOIL via enviPath,https://envipath.org,study_0102,1996,2,single,0.08838834764831845,,study_0102
IIEWJVIFRVWJOD-UHFFFAOYSA-N,CCC1CCCCC1,C1CCCCC1CC,100-041-1,alkylcyclohexane_2,,soil_dt50,127.5,days,2.105510184769974,,soil,,,soil,,degradation,EAWAG-SOIL via enviPath,https://envipath.org,study_0103,1997,2,single,0.08838834764831845,,study_0103
DEDZSLCZHWTGOR-UHFFFAOYSA-N,CCCC1CCCCC1,C1CCCCC1CCC,100-042-0,alkylcyclohexane_3,,soil_dt50,115.0,days,2.060697840353612,,soil,,,soil,,degradation,EAWAG-SOIL via enviPath,https://envipath.org,study_0104,1997,3,single,0.11538461538461539,,study_0104
DEDZSLCZHWTGOR-UHFFFAOYSA-N,CCCC1CCCCC1,C1CCCCC1CCC,100-042-1,alkylcyclohexane_3,,soil_dt50,130.0,days,2.113943352306837,,soil,,,soil,,degradation,EAWAG-SOIL via enviPath,https://envipath.org,study_0105,1998,3,single,0.11538461538461539,,study_0105
DEDZSLCZHWTGOR-UHFFFAOYSA-N,CCCC1CCCCC1,C1CCCCC1CCC,100-042-2,alkylcyclohexane_3,,soil_dt50,145.0,days,2.161368002234975,,soil,,,soil,,degradation,EAWAG-SOIL via enviPath,https://envipath.org,study_0106,1999,3,single,0.11538461538461539,,study_0106
GGBJHURWWWLEQH-UHFFFAOYSA-N,CCCCC1CCCCC1,C1CCCCC1CCCC,100-043-0,alkylcyclohexane_4,,soil_dt50,117.5,days,2.070037866607755,,soil,,,soil,,degradation,EAWAG-SOIL via enviPath,https://envipath.org,study_0107,1998,4,single,0.13832083379312202,,study_0107
GGBJHURWWWLEQH-UHFFFAOYSA-N,CCCCC1CCCCC1,C1CCCCC1CCCC,100-043-1,alkylcyclohexane_4,,soil_dt50,132.5,days,2.1222158782728267,,soil,,,soil,,degradation,EAWAG-SOIL via enviPath,https://envipath.org,study_0108,1999,4,single,0.13832083379312202,,study_0108
GGBJHURWWWLEQH-UHFFFAOYSA-N,CCCCC1CCCCC1,C1CCCCC1CCCC,100-043-2,alkylcyclohexane_4,,soil_dt50,147.5,days,2.1687920203141817,,soil,,,soil,,degradation,EAWAG-SOIL via enviPath,https://envipath.org,study_0109,2000,4,single,0.13832083379312202,,study_0109
GGBJHURWWWLEQH-UHFFFAOYSA-N,CCCCC1CCCCC1,C1CCCCC1CCCC,100-043-3,alkylcyclohexane_4,,soil_dt50,162.5,days,2.210853365314893,,soil,,,soil,,degradation,EAWAG-SOIL via enviPath,https://envipath.org,study_0110,2001,4,single,0.13832083379312202,,study_0110
HLTMUYBTNSVOFY-UHFFFAOYSA-N,CCCCCC1CCCCC1,C1CCCCC1CCCCC,100-044-0,alkylcyclohexane_5,,soil_dt50,120.0,days,2.0791812460476247,,soil,,,soil,,degradation,EAWAG-SOIL via enviPath,https://envipath.org,study_0111,1999,1,single,,,study_0111
QHWAQXOSHHKCFK-UHFFFAOYSA-N,CCCCCCC1CCCCC1,C1CCCCC1CCCCCC,100-045-0,alkylcyclohexane_6,,soil_dt50,122.5,days,2.0881360887005513,,soil,,,soil,,degradation,EAWAG-SOIL via enviPath,https://envipath.org,study_0112,2000,2,single,0.08158924398306318,,study_0112
QHWAQXOSHHKCFK-UHFFFAOYSA-N,CCCCCCC1CCCCC1,C1CCCCC1CCCCCC,100-045-1,alkylcyclohexane_6,,soil_dt50,137.5,days,2.1383026981662816,,soil,,,soil,,degradation,EAWAG-SOIL via enviPath,https://envipath.org,study_0113,2001,2,single,0.08158924398306318,,study_0113
MSTLSCNJAHAQNU-UHFFFAOYSA-N,CCCCCCCC1CCCCC1,C1CCCCC1CCCCCCC,100-046-0,alkylcyclohexane_7,,soil_dt50,125.0,days,2.0969100130080562,,soil,,,soil,,degradation,EAWAG-SOIL via enviPath,https://envipath.org,study_0114,2001,3,single,0.10714285714285714,,study_0114
MSTLSCNJAHAQNU-UHFFFAOYSA-N,CCCCCCCC1CCCCC1,C1CCCCC1CCCCCCC,100-046-1,alkylcyclohexane_7,,soil_dt50,140.0,days,2.146128035678238,,soil,,,soil,,degradation,EAWAG-SOIL via enviPath,https://envipath.org,study_0115,2002,3,single,0.10714285714285714,,study_0115
MSTLSCNJAHAQNU-UHFFFAOYSA-N,CCCCCCCC1CCCCC1,C1CCCCC1CCCCCCC,100-046-2,alkylcyclohexane_7,,soil_dt50,155.0,days,2.1903316981702914,,soil,,,soil,,degradation,EAWAG-SOIL via enviPath,https://envipath.org,study_0116,2003,3,single,0.10714285714285714,,study_0116
FBXWCEKQCVOOLT-UHFFFAOYSA-N,CCCCCCCCC1CCCCC1,C1CCCCC1CCCCCCCC,100-047-0,alkylcyclohexane_8,,soil_dt50,127.5,days,2.105510184769974,,soil,,,soil,,degradation,EAWAG-SOIL via enviPath,https://envipath.org,study_0117,2002,4,single,0.12909944487358055,,study_0117
FBXWCEKQCVOOLT-UHFFFAOYSA-N,CCCCCCCCC1CCCCC1,C1CCCCC1CCCCCCCC,100-047-1,alkylcyclohexane_8,,soil_dt50,142.5,days,2.153814864344529,,soil,,,soil,,degradation,EAWAG-SOIL via enviPath,https://envipath.org,study_0118,2003,4,single,0.12909944487358055,,study_0118
FBXWCEKQCVOOLT-UHFFFAOYSA-N,CCCCCCCCC1CCCCC1,C1CCCCC1CCCCCCCC,100-047-2,alkylcyclohexane_8,,soil_dt50,157.5,days,2.197280558125619,,soil,,,soil,,degradation,EAWAG-SOIL via enviPath,https://envipath.org,study_0119,2004,4,single,0.12909944487358055,,study_0119
FBXWCEKQCVOOLT-UHFFFAOYSA-N,CCCCCCCCC1CCCCC1,C1CCCCC1CCCCCCCC,100-047-3,alkylcyclohexane_8,,soil_dt50,172.5,days,2.2367890994092927,,soil,,,soil,,degradation,EAWAG-SOIL via enviPath,https://envipath.org,study_0120,2005,4,single,0.12909944487358055,,study_0120
CLMFECCMAVQYQA-UHFFFAOYSA-N,CCCCCCCCCC1CCCCC1,C1CCCCC1CCCCCCCCC,100-048-0,alkylcyclohexane_9,,soil_dt50,130.0,days,2.113943352306837,,soil,,,soil,,degradation,EAWAG-SOIL via enviPath,https://envipath.org,study_0121,2003,1,single,,,study_0121
STWFZICHPLEOIC-UHFFFAOYSA-N,CCCCCCCCCCC1CCCCC1,C1CCCCC1CCCCCCCCCC,100-049-0,alkylcyclohexane_10,,soil_dt50,132.5,days,2.1222158782728267,,soil,,,soil,,degradation,EAWAG-SOIL via enviPath,https://envipath.org,study_0122,2004,2,single,0.07576144084141581,,study_0122
STWFZICHPLEOIC-UHFFFAOYSA-N,CCCCCCCCCCC1CCCCC1,C1CCCCC1CCCCCCCCCC,100-049-1,alkylcyclohexane_10,,soil_dt50,147.5,days,2.1687920203141817,,soil,,,soil,,degradation,EAWAG-SOIL via enviPath,https://envipath.org,study_0123,2005,2,single,0.07576144084141581,,study_0123
XQQVOBPJWHQXEN-UHFFFAOYSA-N,CCCCCCCCCCCC1CCCCC1,C1CCCCC1CCCCCCCCCCC,100-050-0,alkylcyclohexane_11,,soil_dt50,135.0,days,2.130333768495006,,soil,,,soil,,degradation,EAWAG-SOIL via enviPath,https://envipath.org,study_0124,2005,3,single,0.1,,study_0124
XQQVOBPJWHQXEN-UHFFFAOYSA-N,CCCCCCCCCCCC1CCCCC1,C1CCCCC1CCCCCCCCCCC,100-050-1,alkylcyclohexane_11,,soil_dt50,150.0,days,2.1760912590556813,,soil,,,soil,,degradation,EAWAG-SOIL via enviPath,https://envipath.org,study_0125,2006,3,single,0.1,,study_0125
XQQVOBPJWHQXEN-UHFFFAOYSA-N,CCCCCCCCCCCC1CCCCC1,C1CCCCC1CCCCCCCCCCC,100-050-2,alkylcyclohexane_11,,soil_dt50,165.0,days,2.2174839442139063,,soil,,,soil,,degradation,EAWAG-SOIL via enviPath,https://envipath.org,study_0126,2007,3,single,0.1,,study_0126
BLRBGKYYWDBAQQ-UHFFFAOYSA-N,CCCCCCCCCCCCC1CCCCC1,C1CCCCC1CCCCCCCCCCCC,100-051-0,alkylcyclohexane_12,,soil_dt50,137.5,days,2.1383026981662816,,soil,,,soil,,degradation,EAWAG-SOIL via enviPath,https://envipath.org,study_0127,2006,4,single,0.12103072956898178,,study_0127
BLRBGKYYWDBAQQ-UHFFFAOYSA-N,CCCCCCCCCCCCC1CCCCC1,C1CCCCC1CCCCCCCCCCCC,100-051-1,alkylcyclohexane_12,,soil_dt50,152.5,days,2.1832698436828046,,soil,,,soil,,degradation,EAWAG-SOIL via enviPath,https://envipath.org,study_0128,2007,4,single,0.12103072956898178,,study_0128
BLRBGKYYWDBAQQ-UHFFFAOYSA-N,CCCCCCCCCCCCC1CCCCC1,C1CCCCC1CCCCCCCCCCCC,100-051-2,alkylcyclohexane_12,,soil_dt50,167.5,days,2.224014811372864,,soil,,,soil,,degradation,EAWAG-SOIL via enviPath,https://envipath.org,study_0129,2008,4,single,0.12103072956898178,,study_0129
BLRBGKYYWDBAQQ-UHFFFAOYSA-N,CCCCCCCCCCCCC1CCCCC1,C1CCCCC1CCCCCCCCCCCC,100-051-3,alkylcyclohexane_12,,soil_dt50,182.5,days,2.2612628687924934,,soil,,,soil,,degradation,EAWAG-SOIL via enviPath,https://envipath.org,study_0130,2009,4,single,0.12103072956898178,,study_0130
DKRUJKKWJGNYQN-UHFFFAOYSA-N,CCCCCCCCCCCCCC1CCCCC1,C1CCCCC1CCCCCCCCCCCCC,100-052-0,alkylcyclohexane_13,,soil_dt50,140.0,days,2.146128035678238,,soil,,,soil,,degradation,EAWAG-SOIL via enviPath,https://envipath.org,study_0131,2007,1,single,,,study_0131
NQAVPKIJZCHUNS-UHFFFAOYSA-N,CCCCCCCCCCCCCCC1CCCCC1,C1CCCCC1CCCCCCCCCCCCCC,100-053-0,alkylcyclohexane_14,,soil_dt50,142.5,days,2.153814864344529,,soil,,,soil,,degradation,EAWAG-SOIL via enviPath,https://envipath.org,study_0132,2008,2,single,0.07071067811865475,,study_0132
NQAVPKIJZCHUNS-UHFFFAOYSA-N,CCCCCCCCCCCCCCC1CCCCC1,C1CCCCC1CCCCCCCCCCCCCC,100-053-1,alkylcyclohexane_14,,soil_dt50,157.5,days,2.197280558125619,,soil,,,soil,,degradation,EAWAG-SOIL via enviPath,https://envipath.org,study_0133,2009,2,single,0.07071067811865475,,study_0133
ZNUABQHWFGTOCO-UHFFFAOYSA-N,CCCCCCCCCCCCCCCC1CCCCC1,C1CCCCC1CCCCCCCCCCCCCCC,100-054-0,alkylcyclohexane_15,,soil_dt50,145.0,days,2.161368002234975,,soil,,,soil,,degradation,EAWAG-SOIL via enviPath,https://envipath.org,study_0134,2009,3,single,0.09375,,study_0134
ZNUABQHWFGTOCO-UHFFFAOYSA-N,CCCCCCCCCCCCCCCC1CCCCC1,C1CCCCC1CCCCCCCCCCCCCCC,100-054-1,alkylcyclohexane_15,,soil_dt50,160.0,days,2.204119982655925,,soil,,,soil,,degradation,EAWAG-SOIL via enviPath,https://envipath.org,study_0135,2010,3,single,0.09375,,study_0135
ZNUABQHWFGTOCO-UHFFFAOYSA-N,CCCCCCCCCCCCCCCC1CCCCC1,C1CCCCC1CCCCCCCCCCCCCCC,100-054-2,alkylcyclohexane_15,,soil_dt50,175.0,days,2.2430380486862944,,soil,,,soil,,degradation,EAWAG-SOIL via enviPath,https://envipath.org,study_0136,2011,3,single,0.09375,,study_0136
NRHBFNBZAZZTAU-UHFFFAOYSA-N,CCCCCCCCCCCCCCCCC1CCCCC1,C1CCCCC1CCCCCCCCCCCCCCCC,100-055-0,alkylcyclohexane_16,,soil_dt50,147.5,days,2.1687920203141817,,soil,,,soil,,degradation,EAWAG-SOIL via enviPath,https://envipath.org,study_0137,2010,4,single,0.11391127488845344,,study_0137
NRHBFNBZAZZTAU-UHFFFAOYSA-N,CCCCCCCCCCCCCCCCC1CCCCC1,C1CCCCC1CCCCCCCCCCCCCCCC,100-055-1,alkylcyclohexane_16,,soil_dt50,162.5,days,2.210853365314893,,soil,,,soil,,degradation,EAWAG-SOIL via enviPath,https://envipath.org,study_0138,2011,4,single,0.11391127488845344,,study_0138
NRHBFNBZAZZTAU-UHFFFAOYSA-N,CCCCCCCCCCCCCCCCC1CCCCC1,C1CCCCC1CCCCCCCCCCCCCCCC,100-055-2,alkylcyclohexane_16,,soil_dt50,177.5,days,2.249198357391113,,soil,,,soil,,degradation,EAWAG-SOIL via enviPath,https://envipath.org,study_0139,2012,4,single,0.11391127488845344,,study_0139
NRHBFNBZAZZTAU-UHFFFAOYSA-N,CCCCCCCCCCCCCCCCC1CCCCC1,C1CCCCC1CCCCCCCCCCCCCCCC,100-055-3,alkylcyclohexane_16,,soil_dt50,192.5,days,2.2844307338445193,,soil,,,soil,,degradation,EAWAG-SOIL via enviPath,https://envipath.org,study_0140,2013,4,single,0.11391127488845344,,study_0140
VLHZQNGNJQYAIZ-UHFFFAOYSA-N,CCCCCCCCCCCCCCCCCC1CCCCC1,C1CCCCC1CCCCCCCCCCCCCCCCC,100-056-0,alkylcyclohexane_17,,soil_dt50,150.0,days,2.1760912590556813,,soil,,,soil,,degradation,EAWAG-SOIL via enviPath,https://envipath.org,study_0141,2011,1,single,,,study_0141
MWWVNZNVTGBKQO-UHFFFAOYSA-N,CCCCCCCCCCCCCCCCCCC1CCCCC1,C1CCCCC1CCCCCCCCCCCCCCCCCC,100-057-0,alkylcyclohexane_18,,soil_dt50,152.5,days,2.1832698436828046,,soil,,,soil,,degradation,EAWAG-SOIL via enviPath,https://envipath.org,study_0142,2012,2,single,0.06629126073623884,,study_0142
MWWVNZNVTGBKQO-UHFFFAOYSA-N,CCCCCCCCCCCCCCCCCCC1CCCCC1,C1CCCCC1CCCCCCCCCCCCCCCCCC,100-057-1,alkylcyclohexane_18,,soil_dt50,167.5,days,2.224014811372864,,soil,,,soil,,degradation,EAWAG-SOIL via enviPath,https://envipath.org,study_0143,2013,2,single,0.06629126073623884,,study_0143
YVTPTBVYGTYTKP-UHFFFAOYSA-N,CCCCCCCCCCCCCCCCCCCC1CCCCC1,C1CCCCC1CCCCCCCCCCCCCCCCCCC,100-058-0,alkylcyclohexane_19,,soil_dt50,155.0,days,2.1903316981702914,,soil,,,soil,,degradation,EAWAG-SOIL via enviPath,https://envipath.org,study_0144,2013,3,single,0.08823529411764706,,study_0144
YVTPTBVYGTYTKP-UHFFFAOYSA-N,CCCCCCCCCCCCCCCCCCCC1CCCCC1,C1CCCCC1CCCCCCCCCCCCCCCCCCC,100-058-1,alkylcyclohexane_19,,soil_dt50,170.0,days,2.230448921378274,,soil,,,soil,,degradation,EAWAG-SOIL via enviPath,https://envipath.org,study_0145,2014,3,single,0.08823529411764706,,study_0145
YVTPTBVYGTYTKP-UHFFFAOYSA-N,CCCCCCCCCCCCCCCCCCCC1CCCCC1,C1CCCCC1CCCCCCCCCCCCCCCCCCC,100-058-2,alkylcyclohexane_19,,soil_dt50,185.0,days,2.2671717284030137,,soil,,,soil,,degradation,EAWAG-SOIL via enviPath,https://envipath.org,study_0146,2015,3,single,0.08823529411764706,,study_0146
ITQTTZVARXURQS-UHFFFAOYSA-N,Cc1cccnc1,c1ccncc1C,100-059-0,alkylpyridine_1,,soil_dt50,157.5,days,2.197280558125619,,soil,,,soil,,degradation,EAWAG-SOIL via enviPath,https://envipath.org,study_0147,2014,4,single,0.1075828707279838,,study_0147
ITQTTZVARXURQS-UHFFFAOYSA-N,Cc1cccnc1,c1ccncc1C,100-059-1,alkylpyridine_1,,soil_dt50,172.5,days,2.2367890994092927,,soil,,,soil,,degradation,EAWAG-SOIL via enviPath,https://envipath.org,study_0148,2015,4,single,0.1075828707279838,,study_0148
ITQTTZVARXURQS-UHFFFAOYSA-N,Cc1cccnc1,c1ccncc1C,100-059-2,alkylpyridine_1,,soil_dt50,187.5,days,2.2730012720637376,,soil,,,soil,,degradation,EAWAG-SOIL via enviPath,https://envipath.org,study_0149,2016,4,single,0.1075828707279838,,study_0149
ITQTTZVARXURQS-UHFFFAOYSA-N,Cc1cccnc1,c1ccncc1C,100-059-3,alkylpyridine_1,,soil_dt50,202.5,days,2.3064250275506875,,soil,,,soil,,degradation,EAWAG-SOIL via enviPath,https://envipath.org,study_0150,2017,4,single,0.1075828707279838,,study_0150
MFEIKQPHQINPRI-UHFFFAOYSA-N,CCc1cccnc1,c1ccncc1CC,100-060-0,alkylpyridine_2,,soil_dt50,160.0,days,2.204119982655925,,soil,,,soil,,degradation,EAWAG-SOIL via enviPath,https://envipath.org,study_0151,1995,1,single,,,study_0151
MLAXEZHEGARMPE-UHFFFAOYSA-N,CCCc1cccnc1,c1ccncc1CCC,100-061-0,alkylpyridine_3,,soil_dt50,162.5,days,2.210853365314893,,soil,,,soil,,degradation,EAWAG-SOIL via enviPath,https://envipath.org,study_0152,1996,2,single,0.06239177481057773,,study_0152
MLAXEZHEGARMPE-UHFFFAOYSA-N,CCCc1cccnc1,c1ccncc1CCC,100-061-1,alkylpyridine_3,,soil_dt50,177.5,days,2.249198357391113,,soil,,,soil,,degradation,EAWAG-SOIL via enviPath,https://envipath.org,study_0153,1997,2,single,0.06239177481057773,,study_0153
QSNMFWFDOFQASV-UHFFFAOYSA-N,CCCCc1cccnc1,c1ccncc1CCCC,100-062-0,alkylpyridine_4,,soil_dt50,165.0,days,2.2174839442139063,,soil,,,soil,,degradation,EAWAG-SOIL via enviPath,https://envipath.org,study_0154,1997,3,single,0.08333333333333333,,study_0154
QSNMFWFDOFQASV-UHFFFAOYSA-N,CCCCc1cccnc1,c1ccncc1CCCC,100-062-1,alkylpyridine_4,,soil_dt50,180.0,days,2.255272505103306,,soil,,,soil,,degradation,EAWAG-SOIL via enviPath,https://envipath.org,study_0155,1998,3,single,0.08333333333333333,,study_0155
QSNMFWFDOFQASV-UHFFFAOYSA-N,CCCCc1cccnc1,c1ccncc1CCCC,100-062-2,alkylpyridine_4,,soil_dt50,195.0,days,2.290034611362518,,soil,,,soil,,degradation,EAWAG-SOIL via enviPath,https://envipath.org,study_0156,1999,3,single,0.08333333333333333,,study_0156
WPFPTAWUHHGUDQ-UHFFFAOYSA-N,CCCCCc1cccnc1,c1ccncc1CCCCC,100-063-0,alkylpyridine_5,,soil_dt50,167.5,days,2.224014811372864,,soil,,,soil,,degradation,EAWAG-SOIL via enviPath,https://envipath.org,study_0157,1998,4,single,0.10192061437387939,,study_0157
WPFPTAWUHHGUDQ-UHFFFAOYSA-N,CCCCCc1cccnc1,c1ccncc1CCCCC,100-063-1,alkylpyridine_5,,soil_dt50,182.5,days,2.2612628687924934,,soil,,,soil,,degradation,EAWAG-SOIL via enviPath,https://envipath.org,study_0158,1999,4,single,0.10192061437387939,,study_0158
WPFPTAWUHHGUDQ-UHFFFAOYSA-N,CCCCCc1cccnc1,c1ccncc1CCCCC,100-063-2,alkylpyridine_5,,soil_dt50,197.5,days,2.295567099962479,,soil,,,soil,,degradation,EAWAG-SOIL via enviPath,https://envipath.org,study_0159,2000,4,single,0.10192061437387939,,study_0159
WPFPTAWUHHGUDQ-UHFFFAOYSA-N,CCCCCc1cccnc1,c1ccncc1CCCCC,100-063-3,alkylpyridine_5,,soil_dt50,212.5,days,2.3273589343863303,,soil,,,soil,,degradation,EAWAG-SOIL via enviPath,https://envipath.org,study_0160,2001,4,single,0.10192061437387939,,study_0160
LWEQIZSFZFUWIE-UHFFFAOYSA-N,CCCCCCc1cccnc1,c1ccncc1CCCCCC,100-064-0,alkylpyridine_6,,soil_dt50,170.0,days,2.230448921378274,,soil,,,soil,,degradation,EAWAG-SOIL via enviPath,https://envipath.org,study_0161,1999,1,single,,,study_0161
YQXWJSLWMQLIAC-UHFFFAOYSA-N,CCCCCCCc1cccnc1,c1ccncc1CCCCCCC,100-065-0,alkylpyridine_7,,soil_dt50,172.5,days,2.2367890994092927,,soil,,,soil,,degradation,EAWAG-SOIL via enviPath,https://envipath.org,study_0162,2000,2,single,0.05892556509887896,,study_0162
YQXWJSLWMQLIAC-UHFFFAOYSA-N,CCCCCCCc1cccnc1,c1ccncc1CCCCCCC,100-065-1,alkylpyridine_7,,soil_dt50,187.5,days,2.2730012720637376,,soil,,,soil,,degradation,EAWAG-SOIL via enviPath,https://envipath.org,study_0163,2001,2,single,0.05892556509887896,,study_0163
VRSLSMSXIFJONL-UHFFFAOYSA-N,CCCCCCCCc1cccnc1,c1ccncc1CCCCCCCC,100-066-0,alkylpyridine_8,,soil_dt50,175.0,days,2.2430380486862944,,soil,,,soil,,degradation,EAWAG-SOIL via enviPath,https://envipath.org,study_0164,2001,3,single,0.07894736842105263,,study_0164
VRSLSMSXIFJONL-UHFFFAOYSA-N,CCCCCCCCc1cccnc1,c1ccncc1CCCCCCCC,100-066-1,alkylpyridine_8,,soil_dt50,190.0,days,2.278753600952829,,soil,,,soil,,degradation,EAWAG-SOIL via enviPath,https://envipath.org,study_0165,2002,3,single,0.07894736842105263,,study_0165
VRSLSMSXIFJONL-UHFFFAOYSA-N,CCCCCCCCc1cccnc1,c1ccncc1CCCCCCCC,100-066-2,alkylpyridine_8,,soil_dt50,205.0,days,2.311753861055754,,soil,,,soil,,degradation,EAWAG-SOIL via enviPath,https://envipath.org,study_0166,2003,3,single,0.07894736842105263,,study_0166
ORKUMIPWDRAQES-UHFFFAOYSA-N,CCCCCCCCCc1cccnc1,c1ccncc1CCCCCCCCC,100-067-0,alkylpyridine_9,,soil_dt50,177.5,days,2.249198357391113,,soil,,,soil,,degradation,EAWAG-SOIL via enviPath,https://envipath.org,study_0167,2002,4,single,0.09682458365518543,,study_0167
ORKUMIPWDRAQES-UHFFFAOYSA-N,CCCCCCCCCc1cccnc1,c1ccncc1CCCCCCCCC,100-067-1,alkylpyridine_9,,soil_dt50,192.5,days,2.2844307338445193,,soil,,,soil,,degradation,EAWAG-SOIL via enviPath,https://envipath.org,study_0168,2003,4,single,0.09682458365518543,,study_0168
ORKUMIPWDRAQES-UHFFFAOYSA-N,CCCCCCCCCc1cccnc1,c1ccncc1CCCCCCCCC,100-067-2,alkylpyridine_9,,soil_dt50,207.5,days,2.3170181010481117,,soil,,,soil,,degradation,EAWAG-SOIL via enviPath,https://envipath.org,study_0169,2004,4,single,0.09682458365518543,,study_0169
ORKUMIPWDRAQES-UHFFFAOYSA-N,CCCCCCCCCc1cccnc1,c1ccncc1CCCCCCCCC,100-067-3,alkylpyridine_9,,soil_dt50,222.5,days,2.3473300153169503,,soil,,,soil,,degradation,EAWAG-SOIL via enviPath,https://envipath.org,study_0170,2005,4,single,0.09682458365518543,,study_0170
NNEYEQMCIJZAOS-UHFFFAOYSA-N,CCCCCCCCCCc1cccnc1,c1ccncc1CCCCCCCCCC,100-068-0,alkylpyridine_10,,soil_dt50,180.0,days,2.255272505103306,,soil,,,soil,,degradation,EAWAG-SOIL via enviPath,https://envipath.org,study_0171,2003,1,single,,,study_0171
VYVCNZPEQDWXNO-UHFFFAOYSA-N,CCCCCCCCCCCc1cccnc1,c1ccncc1CCCCCCCCCCC,100-069-0,alkylpyridine_11,,soil_dt50,182.5,days,2.2612628687924934,,soil,,,soil,,degradation,EAWAG-SOIL via enviPath,https://envipath.org,study_0172,2004,2,single,0.055824219567359015,,study_0172
VYVCNZPEQDWXNO-UHFFFAOYSA-N,CCCCCCCCCCCc1cccnc1,c1ccncc1CCCCCCCCCCC,100-069-1,alkylpyridine_11,,soil_dt50,197.5,days,2.295567099962479,,soil,,,soil,,degradation,EAWAG-SOIL via enviPath,https://envipath.org,study_0173,2005,2,single,0.055824219567359015,,study_0173
BWCPIPANJFTRRK-UHFFFAOYSA-N,CCCCCCCCCCCCc1cccnc1,c1ccncc1CCCCCCCCCCCC,100-070-0,alkylpyridine_12,,soil_dt50,185.0,days,2.2671717284030137,,soil,,,soil,,degradation,EAWAG-SOIL via enviPath,https://envipath.org,study_0174,2005,3,single,0.075,,study_0174
BWCPIPANJFTRRK-UHFFFAOYSA-N,CCCCCCCCCCCCc1cccnc1,c1ccncc1CCCCCCCCCCCC,100-070-1,alkylpyridine_12,,soil_dt50,200.0,days,2.3010299956639813,,soil,,,soil,,degradation,EAWAG-SOIL via enviPath,https://envipath.org,study_0175,2006,3,single,0.075,,study_0175
BWCPIPANJFTRRK-UHFFFAOYSA-N,CCCCCCCCCCCCc1cccnc1,c1ccncc1CCCCCCCCCCCC,100-070-2,alkylpyridine_12,,soil_dt50,215.0,days,2.3324384599156054,,soil,,,soil,,degradation,EAWAG-SOIL via enviPath,https://envipath.org,study_0176,2007,3,single,0.075,,study_0176
HXBYWCQBXARELS-UHFFFAOYSA-N,CCCCCCCCCCCCCc1cccnc1,c1ccncc1CCCCCCCCCCCCC,100-071-0,alkylpyridine_13,,soil_dt50,187.5,days,2.2730012720637376,,soil,,,soil,,degradation,EAWAG-SOIL via enviPath,https://envipath.org,study_0177,2006,4,single,0.09221388919541469,,study_0177
HXBYWCQBXARELS-UHFFFAOYSA-N,CCCCCCCCCCCCCc1cccnc1,c1ccncc1CCCCCCCCCCCCC,100-071-1,alkylpyridine_13,,soil_dt50,202.5,days,2.3064250275506875,,soil,,,soil,,degradation,EAWAG-SOIL via enviPath,https://envipath.org,study_0178,2007,4,single,0.09221388919541469,,study_0178
HXBYWCQBXARELS-UHFFFAOYSA-N,CCCCCCCCCCCCCc1cccnc1,c1ccncc1CCCCCCCCCCCCC,100-071-2,alkylpyridine_13,,soil_dt50,217.5,days,2.337459261290656,,soil,,,soil,,degradation,EAWAG-SOIL via enviPath,https://envipath.org,study_0179,2008,4,single,0.09221388919541469,,study_0179
HXBYWCQBXARELS-UHFFFAOYSA-N,CCCCCCCCCCCCCc1cccnc1,c1ccncc1CCCCCCCCCCCCC,100-071-3,alkylpyridine_13,,soil_dt50,232.5,days,2.3664229572259727,,soil,,,soil,,degradation,EAWAG-SOIL via enviPath,https://envipath.org,study_0180,2009,4,single,0.09221388919541469,,study_0180
OFINSUNYSAQHHI-UHFFFAOYSA-N,CCCCCCCCCCCCCCc1cccnc1,c1ccncc1CCCCCCCCCCCCCC,100-072-0,alkylpyridine_14,,soil_dt50,190.0,days,2.278753600952829,,soil,,,soil,,degradation,EAWAG-SOIL via enviPath,https://envipath.org,study_0181,2007,1,single,,,study_0181
OZMYAGVHIFPLTF-UHFFFAOYSA-N,CCCCCCCCCCCCCCCc1cccnc1,c1ccncc1CCCCCCCCCCCCCCC,100-073-0,alkylpyridine_15,,soil_dt50,192.5,days,2.2844307338445193,,soil,,,soil,,degradation,EAWAG-SOIL via enviPath,https://envipath.org,study_0182,2008,2,single,0.053033008588991064,,study_0182
OZMYAGVHIFPLTF-UHFFFAOYSA-N,CCCCCCCCCCCCCCCc1cccnc1,c1ccncc1CCCCCCCCCCCCCCC,100-073-1,alkylpyridine_15,,soil_dt50,207.5,days,2.3170181010481117,,soil,,,soil,,degradation,EAWAG-SOIL via enviPath,https://envipath.org,study_0183,2009,2,single,0.053033008588991064,,study_0183
DEZJICYDRKZURU-UHFFFAOYSA-N,CCCCCCCCCCCCCCCCc1cccnc1,c1ccncc1CCCCCCCCCCCCCCCC,100-074-0,alkylpyridine_16,,soil_dt50,195.0,days,2.290034611362518,,soil,,,soil,,degradation,EAWAG-SOIL via enviPath,https://envipath.org,study_0184,2009,3,single,0.07142857142857142,,study_0184
DEZJICYDRKZURU-UHFFFAOYSA-N,CCCCCCCCCCCCCCCCc1cccnc1,c1ccncc1CCCCCCCCCCCCCCCC,100-074-1,alkylpyridine_16,,soil_dt50,210.0,days,2.322219294733919,,soil,,,soil,,degradation,EAWAG-SOIL via enviPath,https://envipath.org,study_0185,2010,3,single,0.07142857142857142,,study_0185
DEZJICYDRKZURU-UHFFFAOYSA-N,CCCCCCCCCCCCCCCCc1cccnc1,c1ccncc1CCCCCCCCCCCCCCCC,100-074-2,alkylpyridine_16,,soil_dt50,225.0,days,2.3521825181113627,,soil,,,soil,,degradation,EAWAG-SOIL via enviPath,https://envipath.org,study_0186,2011,3,single,0.07142857142857142,,study_0186
VPJJBBDLWLYGJC-UHFFFAOYSA-N,CCCCCCCCCCCCCCCCCc1cccnc1,c1ccncc1CCCCCCCCCCCCCCCCC,100-075-0,alkylpyridine_17,,soil_dt50,197.5,days,2.295567099962479,,soil,,,soil,,degradation,EAWAG-SOIL via enviPath,https://envipath.org,study_0187,2010,4,single,0.08802234877744129,,study_0187
VPJJBBDLWLYGJC-UHFFFAOYSA-N,CCCCCCCCCCCCCCCCCc1cccnc1,c1ccncc1CCCCCCCCCCCCCCCCC,100-075-1,alkylpyridine_17,,soil_dt50,212.5,days,2.3273589343863303,,soil,,,soil,,degradation,EAWAG-SOIL via enviPath,https://envipath.org,study_0188,2011,4,single,0.08802234877744129,,study_0188
VPJJBBDLWLYGJC-UHFFFAOYSA-N,CCCCCCCCCCCCCCCCCc1cccnc1,c1ccncc1CCCCCCCCCCCCCCCCC,100-075-2,alkylpyridine_17,,soil_dt50,227.5,days,2.3569814009931314,,soil,,,soil,,degradation,EAWAG-SOIL via enviPath,https://envipath.org,study_0189,2012,4,single,0.08802234877744129,,study_0189
VPJJBBDLWLYGJC-UHFFFAOYSA-N,CCCCCCCCCCCCCCCCCc1cccnc1,c1ccncc1CCCCCCCCCCCCCCCCC,100-075-3,alkylpyridine_17,,soil_dt50,242.5,days,2.3847117429382827,,soil,,,soil,,degradation,EAWAG-SOIL via enviPath,https://envipath.org,study_0190,2013,4,single,0.08802234877744129,,study_0190
GQOBKBGUGHGDFA-UHFFFAOYSA-N,CCCCCCCCCCCCCCCCCCc1cccnc1,c1ccncc1CCCCCCCCCCCCCCCCCC,100-076-0,alkylpyridine_18,,soil_dt50,200.0,days,2.3010299956639813,,soil,,,soil,,degradation,EAWAG-SOIL via enviPath,https://envipath.org,study_0191,2011,1,single,,,study_0191
SHBCXBMEKZIWHM-UHFFFAOYSA-N,CCCCCCCCCCCCCCCCCCCc1cccnc1,c1ccncc1CCCCCCCCCCCCCCCCCCC,100-077-0,alkylpyridine_19,,soil_dt50,202.5,days,2.3064250275506875,,soil,,,soil,,degradation,EAWAG-SOIL via enviPath,https://envipath.org,study_0192,2012,2,single,0.05050762722761054,,study_0192
SHBCXBMEKZIWHM-UHFFFAOYSA-N,CCCCCCCCCCCCCCCCCCCc1cccnc1,c1ccncc1CCCCCCCCCCCCCCCCCCC,100-077-1,alkylpyridine_19,,soil_dt50,217.5,days,2.337459261290656,,soil,,,soil,,degradation,EAWAG-SOIL via enviPath,https://envipath.org,study_0193,2013,2,single,0.05050762722761054,,study_0193
VQKFNUFAXTZWDK-UHFFFAOYSA-N,Cc1ccco1,c1ccoc1C,100-078-0,alkylfuran_1,,soil_dt50,205.0,days,2.311753861055754,,soil,,,soil,,degradation,EAWAG-SOIL via enviPath,https://envipath.org,study_0194,2013,3,single,0.06818181818181818,,study_0194
VQKFNUFAXTZWDK-UHFFFAOYSA-N,Cc1ccco1,c1ccoc1C,100-078-1,alkylfuran_1,,soil_dt50,220.0,days,2.342422680822206,,soil,,,soil,,degradation,EAWAG-SOIL via enviPath,https://envipath.org,study_0195,2014,3,single,0.06818181818181818,,study_0195
VQKFNUFAXTZWDK-UHFFFAOYSA-N,Cc1ccco1,c1ccoc1C,100-078-2,alkylfuran_1,,soil_dt50,235.0,days,2.3710678622717363,,soil,,,soil,,degradation,EAWAG-SOIL via enviPath,https://envipath.org,study_0196,2015,3,single,0.06818181818181818,,study_0196
HLPIHRDZBHXTFJ-UHFFFAOYSA-N,CCc1ccco1,c1ccoc1CC,100-079-0,alkylfuran_2,,soil_dt50,207.5,days,2.3170181010481117,,soil,,,soil,,degradation,EAWAG-SOIL via enviPath,https://envipath.org,study_0197,2014,4,single,0.08419529013494384,,study_0197
HLPIHRDZBHXTFJ-UHFFFAOYSA-N,CCc1ccco1,c1ccoc1CC,100-079-1,alkylfuran_2,,soil_dt50,222.5,days,2.3473300153169503,,soil,,,soil,,degradation,EAWAG-SOIL via enviPath,https://envipath.org,study_0198,2015,4,single,0.08419529013494384,,study_0198
HLPIHRDZBHXTFJ-UHFFFAOYSA-N,CCc1ccco1,c1ccoc1CC,100-079-2,alkylfuran_2,,soil_dt50,237.5,days,2.3756636139608855,,soil,,,soil,,degradation,EAWAG-SOIL via enviPath,https://envipath.org,study_0199,2016,4,single,0.08419529013494384,,study_0199
HLPIHRDZBHXTFJ-UHFFFAOYSA-N,CCc1ccco1,c1ccoc1CC,100-079-3,alkylfuran_2,,soil_dt50,252.5,days,2.40226138245468,,soil,,,soil,,degradation,EAWAG-SOIL via enviPath,https://envipath.org,study_0200,2017,4,single,0.08419529013494384,,study_0200
CPLJMYOQYRCCBY-UHFFFAOYSA-N,CCCc1ccco1,c1ccoc1CCC,100-080-0,alkylfuran_3,,soil_dt50,210.0,days,2.322219294733919,,soil,,,soil,,degradation,EAWAG-SOIL via enviPath,https://envipath.org,study_0201,1995,1,single,,,study_0201
NWZIYQNUCXUJJJ-UHFFFAOYSA-N,CCCCc1ccco1,c1ccoc1CCCC,100-081-0,alkylfuran_4,,soil_dt50,212.5,days,2.3273589343863303,,soil,,,soil,,degradation,EAWAG-SOIL via enviPath,https://envipath.org,study_0202,1996,2,single,0.04821182598999188,,study_0202
NWZIYQNUCXUJJJ-UHFFFAOYSA-N,CCCCc1ccco1,c1ccoc1CCCC,100-081-1,alkylfuran_4,,soil_dt50,227.5,days,2.3569814009931314,,soil,,,soil,,degradation,EAWAG-SOIL via enviPath,https://envipath.org,study_0203,1997,2,single,0.04821182598999188,,study_0203
YVBAUDVGOFCUSG-UHFFFAOYSA-N,CCCCCc1ccco1,c1ccoc1CCCCC,100-082-0,alkylfuran_5,,soil_dt50,215.0,days,2.3324384599156054,,soil,,,soil,,degradation,EAWAG-SOIL via enviPath,https://envipath.org,study_0204,1997,3,single,0.06521739130434782,,study_0204
YVBAUDVGOFCUSG-UHFFFAOYSA-N,CCCCCc1ccco1,c1ccoc1CCCCC,100-082-1,alkylfuran_5,,soil_dt50,230.0,days,2.361727836017593,,soil,,,soil,,degradation,EAWAG-SOIL via enviPath,https://envipath.org,study_0205,1998,3,single,0.06521739130434782,,study_0205
YVBAUDVGOFCUSG-UHFFFAOYSA-N,CCCCCc1ccco1,c1ccoc1CCCCC,100-082-2,alkylfuran_5,,soil_dt50,245.0,days,2.3891660843645326,,soil,,,soil,,degradation,EAWAG-SOIL via enviPath,https://envipath.org,study_0206,1999,3,single,0.06521739130434782,,study_0206
XBLCAKKYMZVLPU-UHFFFAOYSA-N,CCCCCCc1ccco1,c1ccoc1CCCCCC,100-083-0,alkylfuran_6,,soil_dt50,217.5,days,2.337459261290656,,soil,,,soil,,degradation,EAWAG-SOIL via enviPath,https://envipath.org,study_0207,1998,4,single,0.08068715304598785,,study_0207
XBLCAKKYMZVLPU-UHFFFAOYSA-N,CCCCCCc1ccco1,c1ccoc1CCCCCC,100-083-1,alkylfuran_6,,soil_dt50,232.5,days,2.3664229572259727,,soil,,,soil,,degradation,EAWAG-SOIL via enviPath,https://envipath.org,study_0208,1999,4,single,0.08068715304598785,,study_0208
XBLCAKKYMZVLPU-UHFFFAOYSA-N,CCCCCCc1ccco1,c1ccoc1CCCCCC,100-083-2,alkylfuran_6,,soil_dt50,247.5,days,2.3935752032695876,,soil,,,soil,,degradation,EAWAG-SOIL via enviPath,https://envipath.org,study_0209,2000,4,single,0.08068715304598785,,study_0209
XBLCAKKYMZVLPU-UHFFFAOYSA-N,CCCCCCc1ccco1,c1ccoc1CCCCCC,100-083-3,alkylfuran_6,,soil_dt50,262.5,days,2.4191293077419758,,soil,,,soil,,degradation,EAWAG-SOIL via enviPath,https://envipath.org,study_0210,2001,4,single,0.08068715304598785,,study_0210
BHTUFJXTYNLISA-UHFFFAOYSA-N,CCCCCCCc1ccco1,c1ccoc1CCCCCCC,100-084-0,alkylfuran_7,,soil_dt50,220.0,days,2.342422680822206,,soil,,,soil,,degradation,EAWAG-SOIL via enviPath,https://envipath.org,study_0211,1999,1,single,,,study_0211
RADIRWIUSSENFC-UHFFFAOYSA-N,CCCCCCCCc1ccco1,c1ccoc1CCCCCCCC,100-085-0,alkylfuran_8,,soil_dt50,222.5,days,2.3473300153169503,,soil,,,soil,,degradation,EAWAG-SOIL via enviPath,https://envipath.org,study_0212,2000,2,single,0.04611565964260093,,study_0212
RADIRWIUSSENFC-UHFFFAOYSA-N,CCCCCCCCc1ccco1,c1ccoc1CCCCCCCC,100-085-1,alkylfuran_8,,soil_dt50,237.5,days,2.3756636139608855,,soil,,,soil,,degradation,EAWAG-SOIL via enviPath,https://envipath.org,study_0213,2001,2,single,0.04611565964260093,,study_0213
BIRIRZLNKYBSCQ-UHFFFAOYSA-N,CCCCCCCCCc1ccco1,c1ccoc1CCCCCCCCC,100-086-0,alkylfuran_9,,soil_dt50,225.0,days,2.3521825181113627,,soil,,,soil,,degradation,EAWAG-SOIL via enviPath,https://envipath.org,study_0214,2001,3,single,0.0625,,study_0214
BIRIRZLNKYBSCQ-UHFFFAOYSA-N,CCCCCCCCCc1ccco1,c1ccoc1CCCCCCCCC,100-086-1,alkylfuran_9,,soil_dt50,240.0,days,2.380211241711606,,soil,,,soil,,degradation,EAWAG-SOIL via enviPath,https://envipath.org,study_0215,2002,3,single,0.0625,,study_0215
BIRIRZLNKYBSCQ-UHFFFAOYSA-N,CCCCCCCCCc1ccco1,c1ccoc1CCCCCCCCC,100-086-2,alkylfuran_9,,soil_dt50,255.0,days,2.406540180433955,,soil,,,soil,,degradation,EAWAG-SOIL via enviPath,https://envipath.org,study_0216,2003,3,single,0.0625,,study_0216
PIBKIYYQPWSUDP-UHFFFAOYSA-N,CCCCCCCCCCc1ccco1,c1ccoc1CCCCCCCCCC,100-087-0,alkylfuran_10,,soil_dt50,227.5,days,2.3569814009931314,,soil,,,soil,,degradation,EAWAG-SOIL via enviPath,https://envipath.org,study_0217,2002,4,single,0.07745966692414834,,study_0217
PIBKIYYQPWSUDP-UHFFFAOYSA-N,CCCCCCCCCCc1ccco1,c1ccoc1CCCCCCCCCC,100-087-1,alkylfuran_10,,soil_dt50,242.5,days,2.3847117429382827,,soil,,,soil,,degradation,EAWAG-SOIL via enviPath,https://envipath.org,study_0218,2003,4,single,0.07745966692414834,,study_0218
PIBKIYYQPWSUDP-UHFFFAOYSA-N,CCCCCCCCCCc1ccco1,c1ccoc1CCCCCCCCCC,100-087-2,alkylfuran_10,,soil_dt50,257.5,days,2.41077723337721,,soil,,,soil,,degradation,EAWAG-SOIL via enviPath,https://envipath.org,study_0219,2004,4,single,0.07745966692414834,,study_0219
PIBKIYYQPWSUDP-UHFFFAOYSA-N,CCCCCCCCCCc1ccco1,c1ccoc1CCCCCCCCCC,100-087-3,alkylfuran_10,,soil_dt50,272.5,days,2.4353665066126613,,soil,,,soil,,degradation,EAWAG-SOIL via enviPath,https://envipath.org,study_0220,2005,4,single,0.07745966692414834,,study_0220
YGIKDWMTXVEFFX-UHFFFAOYSA-N,CCCCCCCCCCCc1ccco1,c1ccoc1CCCCCCCCCCC,100-088-0,alkylfuran_11,,soil_dt50,230.0,days,2.361727836017593,,soil,,,soil,,degradation,EAWAG-SOIL via enviPath,https://envipath.org,study_0221,2003,1,single,,,study_0221
YCHOIEWPPPNUFM-UHFFFAOYSA-N,CCCCCCCCCCCCc1ccco1,c1ccoc1CCCCCCCCCCCC,100-089-0,alkylfuran_12,,soil_dt50,232.5,days,2.3664229572259727,,soil,,,soil,,degradation,EAWAG-SOIL via enviPath,https://envipath.org,study_0222,2004,2,single,0.04419417382415922,,study_0222
YCHOIEWPPPNUFM-UHFFFAOYSA-N,CCCCCCCCCCCCc1ccco1,c1ccoc1CCCCCCCCCCCC,100-089-1,alkylfuran_12,,soil_dt50,247.5,days,2.3935752032695876,,soil,,,soil,,degradation,EAWAG-SOIL via enviPath,https://envipath.org,study_0223,2005,2,single,0.04419417382415922,,study_0223
LFPGJDSJDXWCIJ-UHFFFAOYSA-N,CCCCCCCCCCCCCc1ccco1,c1ccoc1CCCCCCCCCCCCC,100-090-0,alkylfuran_13,,soil_dt50,235.0,days,2.3710678622717363,,soil,,,soil,,degradation,EAWAG-SOIL via enviPath,https://envipath.org,study_0224,2005,3,single,0.06,,study_0224
LFPGJDSJDXWCIJ-UHFFFAOYSA-N,CCCCCCCCCCCCCc1ccco1,c1ccoc1CCCCCCCCCCCCC,100-090-1,alkylfuran_13,,soil_dt50,250.0,days,2.3979400086720375,,soil,,,soil,,degradation,EAWAG-SOIL via enviPath,https://envipath.org,study_0225,2006,3,single,0.06,,study_0225
LFPGJDSJDXWCIJ-UHFFFAOYSA-N,CCCCCCCCCCCCCc1ccco1,c1ccoc1CCCCCCCCCCCCC,100-090-2,alkylfuran_13,,soil_dt50,265.0,days,2.423245873936808,,soil,,,soil,,degradation,EAWAG-SOIL via enviPath,https://envipath.org,study_0226,2007,3,single,0.06,,study_0226
OKODKKMVWGGSPL-UHFFFAOYSA-N,CCCCCCCCCCCCCCc1ccco1,c1ccoc1CCCCCCCCCCCCCC,100-091-0,alkylfuran_14,,soil_dt50,237.5,days,2.3756636139608855,,soil,,,soil,,degradation,EAWAG-SOIL via enviPath,https://envipath.org,study_0227,2006,4,single,0.07448044896552725,,study_0227
OKODKKMVWGGSPL-UHFFFAOYSA-N,CCCCCCCCCCCCCCc1ccco1,c1ccoc1CCCCCCCCCCCCCC,100-091-1,alkylfuran_14,,soil_dt50,252.5,days,2.40226138245468,,soil,,,soil,,degradation,EAWAG-SOIL via enviPath,https://envipath.org,study_0228,2007,4,single,0.07448044896552725,,study_0228
OKODKKMVWGGSPL-UHFFFAOYSA-N,CCCCCCCCCCCCCCc1ccco1,c1ccoc1CCCCCCCCCCCCCC,100-091-2,alkylfuran_14,,soil_dt50,267.5,days,2.427323786357247,,soil,,,soil,,degradation,EAWAG-SOIL via enviPath,https://envipath.org,study_0229,2008,4,single,0.07448044896552725,,study_0229
OKODKKMVWGGSPL-UHFFFAOYSA-N,CCCCCCCCCCCCCCc1ccco1,c1ccoc1CCCCCCCCCCCCCC,100-091-3,alkylfuran_14,,soil_dt50,282.5,days,2.4510184521554574,,soil,,,soil,,degradation,EAWAG-SOIL via enviPath,https://envipath.org,study_0230,2009,4,single,0.07448044896552725,,study_0230
LSVQFJUSRLOULU-UHFFFAOYSA-N,CCCCCCCCCCCCCCCc1ccco1,c1ccoc1CCCCCCCCCCCCCCC,100-092-0,alkylfuran_15,,soil_dt50,240.0,days,2.380211241711606,,soil,,,soil,,degradation,EAWAG-SOIL via enviPath,https://envipath.org,study_0231,2007,1,single,,,study_0231
JXHRVZAQKWWIHB-UHFFFAOYSA-N,CCCCCCCCCCCCCCCCc1ccco1,c1ccoc1CCCCCCCCCCCCCCCC,100-093-0,alkylfuran_16,,soil_dt50,242.5,days,2.3847117429382827,,soil,,,soil,,degradation,EAWAG-SOIL via enviPath,https://envipath.org,study_0232,2008,2,single,0.042426406871192854,,study_0232
JXHRVZAQKWWIHB-UHFFFAOYSA-N,CCCCCCCCCCCCCCCCc1ccco1,c1ccoc1CCCCCCCCCCCCCCCC,100-093-1,alkylfuran_16,,soil_dt50,257.5,days,2.41077723337721,,soil,,,soil,,degradation,EAWAG-SOIL via enviPath,https://envipath.org,study_0233,2009,2,single,0.042426406871192854,,study_0233
ZDPKHSYNGVAHHN-UHFFFAOYSA-N,CCCCCCCCCCCCCCCCCc1ccco1,c1ccoc1CCCCCCCCCCCCCCCCC,100-094-0,alkylfuran_17,,soil_dt50,245.0,days,2.3891660843645326,,soil,,,soil,,degradation,EAWAG-SOIL via enviPath,https://envipath.org,study_0234,2009,3,single,0.057692307692307696,,study_0234
ZDPKHSYNGVAHHN-UHFFFAOYSA-N,CCCCCCCCCCCCCCCCCc1ccco1,c1ccoc1CCCCCCCCCCCCCCCCC,100-094-1,alkylfuran_17,,soil_dt50,260.0,days,2.4149733479708178,,soil,,,soil,,degradation,EAWAG-SOIL via enviPath,https://envipath.org,study_0235,2010,3,single,0.057692307692307696,,study_0235
ZDPKHSYNGVAHHN-UHFFFAOYSA-N,CCCCCCCCCCCCCCCCCc1ccco1,c1ccoc1CCCCCCCCCCCCCCCCC,100-094-2,alkylfuran_17,,soil_dt50,275.0,days,2.439332693830263,,soil,,,soil,,degradation,EAWAG-SOIL via enviPath,https://envipath.org,study_0236,2011,3,single,0.057692307692307696,,study_0236
LJLKMTOXPHGJMQ-UHFFFAOYSA-N,CCCCCCCCCCCCCCCCCCc1ccco1,c1ccoc1CCCCCCCCCCCCCCCCCC,100-095-0,alkylfuran_18,,soil_dt50,247.5,days,2.3935752032695876,,soil,,,soil,,degradation,EAWAG-SOIL via enviPath,https://envipath.org,study_0237,2010,4,single,0.07172191381865586,,study_0237
LJLKMTOXPHGJMQ-UHFFFAOYSA-N,CCCCCCCCCCCCCCCCCCc1ccco1,c1ccoc1CCCCCCCCCCCCCCCCCC,100-095-1,alkylfuran_18,,soil_dt50,262.5,days,2.4191293077419758,,soil,,,soil,,degradation,EAWAG-SOIL via enviPath,https://envipath.org,study_0238,2011,4,single,0.07172191381865586,,study_0238
LJLKMTOXPHGJMQ-UHFFFAOYSA-N,CCCCCCCCCCCCCCCCCCc1ccco1,c1ccoc1CCCCCCCCCCCCCCCCCC,100-095-2,alkylfuran_18,,soil_dt50,277.5,days,2.443262987458695,,soil,,,soil,,degradation,EAWAG-SOIL via enviPath,https://envipath.org,study_0239,2012,4,single,0.07172191381865586,,study_0239
LJLKMTOXPHGJMQ-UHFFFAOYSA-N,CCCCCCCCCCCCCCCCCCc1ccco1,c1ccoc1CCCCCCCCCCCCCCCCCC,100-095-3,alkylfuran_18,,soil_dt50,292.5,days,2.466125870418199,,soil,,,soil,,degradation,EAWAG-SOIL via enviPath,https://envipath.org,study_0240,2013,4,single,0.07172191381865586,,study_0240
WZPWWANBVYTGOZ-UHFFFAOYSA-N,CCCCCCCCCCCCCCCCCCCc1ccco1,c1ccoc1CCCCCCCCCCCCCCCCCCC,100-096-0,alkylfuran_19,,soil_dt50,250.0,days,2.3979400086720375,,soil,,,soil,,degradation,EAWAG-SOIL via enviPath,https://envipath.org,study_0241,2011,1,single,,,study_0241
XQQBUAPQHNYYRS-UHFFFAOYSA-N,Cc1cccs1,c1ccsc1C,100-097-0,alkylthiophene_1,,soil_dt50,252.5,days,2.40226138245468,,soil,,,soil,,degradation,EAWAG-SOIL via enviPath,https://envipath.org,study_0242,2012,2,single,0.04079462199153159,,study_0242
XQQBUAPQHNYYRS-UHFFFAOYSA-N,Cc1cccs1,c1ccsc1C,100-097-1,alkylthiophene_1,,soil_dt50,267.5,days,2.427323786357247,,soil,,,soil,,degradation,EAWAG-SOIL via enviPath,https://envipath.org,study_0243,2013,2,single,0.04079462199153159,,study_0243
JCCCMAAJYSNBPR-UHFFFAOYSA-N,CCc1cccs1,c1ccsc1CC,100-098-0,alkylthiophene_2,,soil_dt50,255.0,days,2.406540180433955,,soil,,,soil,,degradation,EAWAG-SOIL via enviPath,https://envipath.org,study_0244,2013,3,single,0.05555555555555555,,study_0244
JCCCMAAJYSNBPR-UHFFFAOYSA-N,CCc1cccs1,c1ccsc1CC,100-098-1,alkylthiophene_2,,soil_dt50,270.0,days,2.4313637641589874,,soil,,,soil,,degradation,EAWAG-SOIL via enviPath,https://envipath.org,study_0245,2014,3,single,0.05555555555555555,,study_0245
JCCCMAAJYSNBPR-UHFFFAOYSA-N,CCc1cccs1,c1ccsc1CC,100-098-2,alkylthiophene_2,,soil_dt50,285.0,days,2.45484486000851,,soil,,,soil,,degradation,EAWAG-SOIL via enviPath,https://envipath.org,study_0246,2015,3,single,0.05555555555555555,,study_0246
BTXIJTYYMLCUHI-UHFFFAOYSA-N,CCCc1cccs1,c1ccsc1CCC,100-099-0,alkylthiophene_3,,soil_dt50,257.5,days,2.41077723337721,,soil,,,soil,,degradation,EAWAG-SOIL via enviPath,https://envipath.org,study_0247,2014,4,single,0.06916041689656101,,study_0247
BTXIJTYYMLCUHI-UHFFFAOYSA-N,CCCc1cccs1,c1ccsc1CCC,100-099-1,alkylthiophene_3,,soil_dt50,272.5,days,2.4353665066126613,,soil,,,soil,,degradation,EAWAG-SOIL via enviPath,https://envipath.org,study_0248,2015,4,single,0.06916041689656101,,study_0248
BTXIJTYYMLCUHI-UHFFFAOYSA-N,CCCc1cccs1,c1ccsc1CCC,100-099-2,alkylthiophene_3,,soil_dt50,287.5,days,2.4586378490256493,,soil,,,soil,,degradation,EAWAG-SOIL via enviPath,https://envipath.org,study_0249,2016,4,single,0.06916041689656101,,study_0249
BTXIJTYYMLCUHI-UHFFFAOYSA-N,CCCc1cccs1,c1ccsc1CCC,100-099-3,alkylthiophene_3,,soil_dt50,302.5,days,2.4807253789884878,,soil,,,soil,,degradation,EAWAG-SOIL via enviPath,https://envipath.org,study_0250,2017,4,single,0.06916041689656101,,study_0250
MNDZHERKKXUTOE-UHFFFAOYSA-N,CCCCc1cccs1,c1ccsc1CCCC,100-100-0,alkylthiophene_4,,soil_dt50,260.0,days,2.4149733479708178,,soil,,,soil,,degradation,EAWAG-SOIL via enviPath,https://envipath.org,study_0251,1995,1,single,,,study_0251
NOYVOSGVFSEKPR-UHFFFAOYSA-N,CCCCCc1cccs1,c1ccsc1CCCCC,100-101-0,alkylthiophene_5,,soil_dt50,262.5,days,2.4191293077419758,,soil,,,soil,,degradation,EAWAG-SOIL via enviPath,https://envipath.org,study_0252,1996,2,single,0.03928371006591931,,study_0252
NOYVOSGVFSEKPR-UHFFFAOYSA-N,CCCCCc1cccs1,c1ccsc1CCCCC,100-101-1,alkylthiophene_5,,soil_dt50,277.5,days,2.443262987458695,,soil,,,soil,,degradation,EAWAG-SOIL via enviPath,https://envipath.org,study_0253,1997,2,single,0.03928371006591931,,study_0253
QZVHYFUVMQIGGM-UHFFFAOYSA-N,CCCCCCc1cccs1,c1ccsc1CCCCCC,100-102-0,alkylthiophene_6,,soil_dt50,265.0,days,2.423245873936808,,soil,,,soil,,degradation,EAWAG-SOIL via enviPath,https://envipath.org,study_0254,1997,3,single,0.05357142857142857,,study_0254
QZVHYFUVMQIGGM-UHFFFAOYSA-N,CCCCCCc1cccs1,c1ccsc1CCCCCC,100-102-1,alkylthiophene_6,,soil_dt50,280.0,days,2.4471580313422194,,soil,,,soil,,degradation,EAWAG-SOIL via enviPath,https://envipath.org,study_0255,1998,3,single,0.05357142857142857,,study_0255
QZVHYFUVMQIGGM-UHFFFAOYSA-N,CCCCCCc1cccs1,c1ccsc1CCCCCC,100-102-2,alkylthiophene_6,,soil_dt50,295.0,days,2.469822015978163,,soil,,,soil,,degradation,EAWAG-SOIL via enviPath,https://envipath.org,study_0256,1999,3,single,0.05357142857142857,,study_0256
FGGZOCMVJAJPMH-UHFFFAOYSA-N,CCCCCCCc1cccs1,c1ccsc1CCCCCCC,100-103-0,alkylthiophene_7,,soil_dt50,267.5,days,2.427323786357247,,soil,,,soil,,degradation,EAWAG-SOIL via enviPath,https://envipath.org,study_0257,1998,4,single,0.06677557493461063,,study_0257
FGGZOCMVJAJPMH-UHFFFAOYSA-N,CCCCCCCc1cccs1,c1ccsc1CCCCCCC,100-103-1,alkylthiophene_7,,soil_dt50,282.5,days,2.4510184521554574,,soil,,,soil,,degradation,EAWAG-SOIL via enviPath,https://envipath.org,study_0258,1999,4,single,0.06677557493461063,,study_0258
FGGZOCMVJAJPMH-UHFFFAOYSA-N,CCCCCCCc1cccs1,c1ccsc1CCCCCCC,100-103-2,alkylthiophene_7,,soil_dt50,297.5,days,2.4734869700645685,,soil,,,soil,,degradation,EAWAG-SOIL via enviPath,https://envipath.org,study_0259,2000,4,single,0.06677557493461063,,study_0259
FGGZOCMVJAJPMH-UHFFFAOYSA-N,CCCCCCCc1cccs1,c1ccsc1CCCCCCC,100-103-3,alkylthiophene_7,,soil_dt50,312.5,days,2.494850021680094,,soil,,,soil,,degradation,EAWAG-SOIL via enviPath,https://envipath.org,study_0260,2001,4,single,0.06677557493461063,,study_0260
GIFWAJGKWIDXMY-UHFFFAOYSA-N,CCCCCCCCc1cccs1,c1ccsc1CCCCCCCC,100-104-0,alkylthiophene_8,,soil_dt50,270.0,days,2.4313637641589874,,soil,,,soil,,degradation,EAWAG-SOIL via enviPath,https://envipath.org,study_0261,1999,1,single,,,study_0261
QOSKQHAWPOHNBS-UHFFFAOYSA-N,CCCCCCCCCc1cccs1,c1ccsc1CCCCCCCCC,100-105-0,alkylthiophene_9,,soil_dt50,272.5,days,2.4353665066126613,,soil,,,soil,,degradation,EAWAG-SOIL via enviPath,https://envipath.org,study_0262,2000,2,single,0.037880720420707906,,study_0262
QOSKQHAWPOHNBS-UHFFFAOYSA-N,CCCCCCCCCc1cccs1,c1ccsc1CCCCCCCCC,100-105-1,alkylthiophene_9,,soil_dt50,287.5,days,2.4586378490256493,,soil,,,soil,,degradation,EAWAG-SOIL via enviPath,https://envipath.org,study_0263,2001,2,single,0.037880720420707906,,study_0263
GOTHKCARNFTUSW-UHFFFAOYSA-N,CCCCCCCCCCc1cccs1,c1ccsc1CCCCCCCCCC,100-106-0,alkylthiophene_10,,soil_dt50,275.0,days,2.439332693830263,,soil,,,soil,,degradation,EAWAG-SOIL via enviPath,https://envipath.org,study_0264,2001,3,single,0.05172413793103448,,study_0264
GOTHKCARNFTUSW-UHFFFAOYSA-N,CCCCCCCCCCc1cccs1,c1ccsc1CCCCCCCCCC,100-106-1,alkylthiophene_10,,soil_dt50,290.0,days,2.462397997898956,,soil,,,soil,,degradation,EAWAG-SOIL via enviPath,https://envipath.org,study_0265,2002,3,single,0.05172413793103448,,study_0265
GOTHKCARNFTUSW-UHFFFAOYSA-N,CCCCCCCCCCc1cccs1,c1ccsc1CCCCCCCCCC,100-106-2,alkylthiophene_10,,soil_dt50,305.0,days,2.484299839346786,,soil,,,soil,,degradation,EAWAG-SOIL via enviPath,https://envipath.org,study_0266,2003,3,single,0.05172413793103448,,study_0266
HQNABAFIICHVDW-UHFFFAOYSA-N,CCCCCCCCCCCc1cccs1,c1ccsc1CCCCCCCCCCC,100-107-0,alkylthiophene_11,,soil_dt50,277.5,days,2.443262987458695,,soil,,,soil,,degradation,EAWAG-SOIL via enviPath,https://envipath.org,study_0267,2002,4,single,0.06454972243679027,,study_0267
HQNABAFIICHVDW-UHFFFAOYSA-N,CCCCCCCCCCCc1cccs1,c1ccsc1CCCCCCCCCCC,100-107-1,alkylthiophene_11,,soil_dt50,292.5,days,2.466125870418199,,soil,,,soil,,degradation,EAWAG-SOIL via enviPath,https://envipath.org,study_0268,2003,4,single,0.06454972243679027,,study_0268
HQNABAFIICHVDW-UHFFFAOYSA-N,CCCCCCCCCCCc1cccs1,c1ccsc1CCCCCCCCCCC,100-107-2,alkylthiophene_11,,soil_dt50,307.5,days,2.4878451201114355,,soil,,,soil,,degradation,EAWAG-SOIL via enviPath,https://envipath.org,study_0269,2004,4,single,0.06454972243679027,,study_0269
HQNABAFIICHVDW-UHFFFAOYSA-N,CCCCCCCCCCCc1cccs1,c1ccsc1CCCCCCCCCCC,100-107-3,alkylthiophene_11,,soil_dt50,322.5,days,2.5085297189712867,,soil,,,soil,,degradation,EAWAG-SOIL via enviPath,https://envipath.org,study_0270,2005,4,single,0.06454972243679027,,study_0270
NJPMFDNZCLKTHE-UHFFFAOYSA-N,CCCCCCCCCCCCc1cccs1,c1ccsc1CCCCCCCCCCCC,100-108-0,alkylthiophene_12,,soil_dt50,280.0,days,2.4471580313422194,,soil,,,soil,,degradation,EAWAG-SOIL via enviPath,https://envipath.org,study_0271,2003,1,single,,,study_0271
OFHAQGJTLVKMNB-UHFFFAOYSA-N,CCCCCCCCCCCCCc1cccs1,c1ccsc1CCCCCCCCCCCCC,100-109-0,alkylthiophene_13,,soil_dt50,282.5,days,2.4510184521554574,,soil,,,soil,,degradation,EAWAG-SOIL via enviPath,https://envipath.org,study_0272,2004,2,single,0.036574488682062804,,study_0272
OFHAQGJTLVKMNB-UHFFFAOYSA-N,CCCCCCCCCCCCCc1cccs1,c1ccsc1CCCCCCCCCCCCC,100-109-1,alkylthiophene_13,,soil_dt50,297.5,days,2.4734869700645685,,soil,,,soil,,degradation,EAWAG-SOIL via enviPath,https://envipath.org,study_0273,2005,2,single,0.036574488682062804,,study_0273
HZZUFNXZYKMRBE-UHFFFAOYSA-N,CCCCCCCCCCCCCCc1cccs1,c1ccsc1CCCCCCCCCCCCCC,100-110-0,alkylthiophene_14,,soil_dt50,285.0,days,2.45484486000851,,soil,,,soil,,degradation,EAWAG-SOIL via enviPath,https://envipath.org,study_0274,2005,3,single,0.05,,study_0274
HZZUFNXZYKMRBE-UHFFFAOYSA-N,CCCCCCCCCCCCCCc1cccs1,c1ccsc1CCCCCCCCCCCCCC,100-110-1,alkylthiophene_14,,soil_dt50,300.0,days,2.4771212547196626,,soil,,,soil,,degradation,EAWAG-SOIL via enviPath,https://envipath.org,study_0275,2006,3,single,0.05,,study_0275
HZZUFNXZYKMRBE-UHFFFAOYSA-N,CCCCCCCCCCCCCCc1cccs1,c1ccsc1CCCCCCCCCCCCCC,100-110-2,alkylthiophene_14,,soil_dt50,315.0,days,2.4983105537896004,,soil,,,soil,,degradation,EAWAG-SOIL via enviPath,https://envipath.org,study_0276,2007,3,single,0.05,,study_0276
PFXAXBGUTLKRLI-UHFFFAOYSA-N,CCCCCCCCCCCCCCCc1cccs1,c1ccsc1CCCCCCCCCCCCCCC,100-111-0,alkylthiophene_15,,soil_dt50,287.5,days,2.4586378490256493,,soil,,,soil,,degradation,EAWAG-SOIL via enviPath,https://envipath.org,study_0277,2006,4,single,0.06246747332592608,,study_0277
PFXAXBGUTLKRLI-UHFFFAOYSA-N,CCCCCCCCCCCCCCCc1cccs1,c1ccsc1CCCCCCCCCCCCCCC,100-111-1,alkylthiophene_15,,soil_dt50,302.5,days,2.4807253789884878,,soil,,,soil,,degradation,EAWAG-SOIL via enviPath,https://envipath.org,study_0278,2007,4,single,0.06246747332592608,,study_0278
PFXAXBGUTLKRLI-UHFFFAOYSA-N,CCCCCCCCCCCCCCCc1cccs1,c1ccsc1CCCCCCCCCCCCCCC,100-111-2,alkylthiophene_15,,soil_dt50,317.5,days,2.5017437296279943,,soil,,,soil,,degradation,EAWAG-SOIL via enviPath,https://envipath.org,study_0279,2008,4,single,0.06246747332592608,,study_0279
PFXAXBGUTLKRLI-UHFFFAOYSA-N,CCCCCCCCCCCCCCCc1cccs1,c1ccsc1CCCCCCCCCCCCCCC,100-111-3,alkylthiophene_15,,soil_dt50,332.5,days,2.5217916496391233,,soil,,,soil,,degradation,EAWAG-SOIL via enviPath,https://envipath.org,study_0280,2009,4,single,0.06246747332592608,,study_0280
PJBTZAOJLKQEES-UHFFFAOYSA-N,CCCCCCCCCCCCCCCCc1cccs1,c1ccsc1CCCCCCCCCCCCCCCC,100-112-0,alkylthiophene_16,,soil_dt50,290.0,days,2.462397997898956,,soil,,,soil,,degradation,EAWAG-SOIL via enviPath,https://envipath.org,study_0281,2007,1,single,,,study_0281
PTPJDXPPXVKZJK-UHFFFAOYSA-N,CCCCCCCCCCCCCCCCCc1cccs1,c1ccsc1CCCCCCCCCCCCCCCCC,100-113-0,alkylthiophene_17,,soil_dt50,292.5,days,2.466125870418199,,soil,,,soil,,degradation,EAWAG-SOIL via enviPath,https://envipath.org,study_0282,2008,2,single,0.035355339059327376,,study_0282
PTPJDXPPXVKZJK-UHFFFAOYSA-N,CCCCCCCCCCCCCCCCCc1cccs1,c1ccsc1CCCCCCCCCCCCCCCCC,100-113-1,alkylthiophene_17,,soil_dt50,307.5,days,2.4878451201114355,,soil,,,soil,,degradation,EAWAG-SOIL via enviPath,https://envipath.org,study_0283,2009,2,single,0.035355339059327376,,study_0283
BPNQMPWZDNUCPT-UHFFFAOYSA-N,CCCCCCCCCCCCCCCCCCc1cccs1,c1ccsc1CCCCCCCCCCCCCCCCCC,100-114-0,alkylthiophene_18,,soil_dt50,295.0,days,2.469822015978163,,soil,,,soil,,degradation,EAWAG-SOIL via enviPath,https://envipath.org,study_0284,2009,3,single,0.04838709677419355,,study_0284
BPNQMPWZDNUCPT-UHFFFAOYSA-N,CCCCCCCCCCCCCCCCCCc1cccs1,c1ccsc1CCCCCCCCCCCCCCCCCC,100-114-1,alkylthiophene_18,,soil_dt50,310.0,days,2.4913616938342726,,soil,,,soil,,degradation,EAWAG-SOIL via enviPath,https://envipath.org,study_0285,2010,3,single,0.04838709677419355,,study_0285
BPNQMPWZDNUCPT-UHFFFAOYSA-N,CCCCCCCCCCCCCCCCCCc1cccs1,c1ccsc1CCCCCCCCCCCCCCCCCC,100-114-2,alkylthiophene_18,,soil_dt50,325.0,days,2.5118833609788744,,soil,,,soil,,degradation,EAWAG-SOIL via enviPath,https://envipath.org,study_0286,2011,3,single,0.04838709677419355,,study_0286
PBYQJQZSUUDUSN-UHFFFAOYSA-N,CCCCCCCCCCCCCCCCCCCc1cccs1,c1ccsc1CCCCCCCCCCCCCCCCCCC,100-115-0,alkylthiophene_19,,soil_dt50,297.5,days,2.4734869700645685,,soil,,,soil,,degradation,EAWAG-SOIL via enviPath,https://envipath.org,study_0287,2010,4,single,0.06051536478449089,,study_0287
PBYQJQZSUUDUSN-UHFFFAOYSA-N,CCCCCCCCCCCCCCCCCCCc1cccs1,c1ccsc1CCCCCCCCCCCCCCCCCCC,100-115-1,alkylthiophene_19,,soil_dt50,312.5,days,2.494850021680094,,soil,,,soil,,degradation,EAWAG-SOIL via enviPath,https://envipath.org,study_0288,2011,4,single,0.06051536478449089,,study_0288
PBYQJQZSUUDUSN-UHFFFAOYSA-N,CCCCCCCCCCCCCCCCCCCc1cccs1,c1ccsc1CCCCCCCCCCCCCCCCCCC,100-115-2,alkylthiophene_19,,soil_dt50,327.5,days,2.515211304327802,,soil,,,soil,,degradation,EAWAG-SOIL via enviPath,https://envipath.org,study_0289,2012,4,single,0.06051536478449089,,study_0289
PBYQJQZSUUDUSN-UHFFFAOYSA-N,CCCCCCCCCCCCCCCCCCCc1cccs1,c1ccsc1CCCCCCCCCCCCCCCCCCC,100-115-3,alkylthiophene_19,,soil_dt50,342.5,days,2.534660575828444,,soil,,,soil,,degradation,EAWAG-SOIL via enviPath,https://envipath.org,study_0290,2013,4,single,0.06051536478449089,,study_0290
TVCXVUHHCUYLGX-UHFFFAOYSA-N,Cc1ccc[nH]1,c1cc[nH]c1C,100-116-0,alkylpyrrole_1,,soil_dt50,300.0,days,2.4771212547196626,,soil,,,soil,,degradation,EAWAG-SOIL via enviPath,https://envipath.org,study_0291,2011,1,single,,,study_0291
XRPDDDRNQJNHLQ-UHFFFAOYSA-N,CCc1ccc[nH]1,c1cc[nH]c1CC,100-117-0,alkylpyrrole_2,,soil_dt50,302.5,days,2.4807253789884878,,soil,,,soil,,degradation,EAWAG-SOIL via enviPath,https://envipath.org,study_0292,2012,2,single,0.03421484425096198,,study_0292
XRPDDDRNQJNHLQ-UHFFFAOYSA-N,CCc1ccc[nH]1,c1cc[nH]c1CC,100-117-1,alkylpyrrole_2,,soil_dt50,317.5,days,2.5017437296279943,,soil,,,soil,,degradation,EAWAG-SOIL via enviPath,https://envipath.org,study_0293,2013,2,single,0.03421484425096198,,study_0293
BPPNDUBGLQQQBY-UHFFFAOYSA-N,CCCc1ccc[nH]1,c1cc[nH]c1CCC,100-118-0,alkylpyrrole_3,,soil_dt50,305.0,days,2.484299839346786,,soil,,,soil,,degradation,EAWAG-SOIL via enviPath,https://envipath.org,study_0294,2013,3,single,0.046875,,study_0294
BPPNDUBGLQQQBY-UHFFFAOYSA-N,CCCc1ccc[nH]1,c1cc[nH]c1CCC,100-118-1,alkylpyrrole_3,,soil_dt50,320.0,days,2.505149978319906,,soil,,,soil,,degradation,EAWAG-SOIL via enviPath,https://envipath.org,study_0295,2014,3,single,0.046875,,study_0295
BPPNDUBGLQQQBY-UHFFFAOYSA-N,CCCc1ccc[nH]1,c1cc[nH]c1CCC,100-118-2,alkylpyrrole_3,,soil_dt50,335.0,days,2.525044807036845,,soil,,,soil,,degradation,EAWAG-SOIL via enviPath,https://envipath.org,study_0296,2015,3,single,0.046875,,study_0296
OTZWITHPRWRMMX-UHFFFAOYSA-N,CCCCc1ccc[nH]1,c1cc[nH]c1CCCC,100-119-0,alkylpyrrole_4,,soil_dt50,307.5,days,2.4878451201114355,,soil,,,soil,,degradation,EAWAG-SOIL via enviPath,https://envipath.org,study_0297,2014,4,single,0.05868156585162753,,study_0297
OTZWITHPRWRMMX-UHFFFAOYSA-N,CCCCc1ccc[nH]1,c1cc[nH]c1CCCC,100-119-1,alkylpyrrole_4,,soil_dt50,322.5,days,2.5085297189712867,,soil,,,soil,,degradation,EAWAG-SOIL via enviPath,https://envipath.org,study_0298,2015,4,single,0.05868156585162753,,study_0298
OTZWITHPRWRMMX-UHFFFAOYSA-N,CCCCc1ccc[nH]1,c1cc[nH]c1CCCC,100-119-2,alkylpyrrole_4,,soil_dt50,337.5,days,2.5282737771670436,,soil,,,soil,,degradation,EAWAG-SOIL via enviPath,https://envipath.org,study_0299,2016,4,single,0.05868156585162753,,study_0299
OTZWITHPRWRMMX-UHFFFAOYSA-N,CCCCc1ccc[nH]1,c1cc[nH]c1CCCC,100-119-3,alkylpyrrole_4,,soil_dt50,352.5,days,2.5471591213274176,,soil,,,soil,,degradation,EAWAG-SOIL via enviPath,https://envipath.org,study_0300,2017,4,single,0.05868156585162753,,study_0300
SBEGSTRVXAZUOJ-UHFFFAOYSA-N,CCCCCc1ccc[nH]1,c1cc[nH]c1CCCCC,100-120-0,alkylpyrrole_5,,soil_dt50,310.0,days,2.4913616938342726,,soil,,,soil,,degradation,EAWAG-SOIL via enviPath,https://envipath.org,study_0301,1995,1,single,,,study_0301
RPVYMRBTVNNTGY-UHFFFAOYSA-N,CCCCCCc1ccc[nH]1,c1cc[nH]c1CCCCCC,100-121-0,alkylpyrrole_6,,soil_dt50,312.5,days,2.494850021680094,,soil,,,soil,,degradation,EAWAG-SOIL via enviPath,https://envipath.org,study_0302,1996,2,single,0.03314563036811942,,study_0302
RPVYMRBTVNNTGY-UHFFFAOYSA-N,CCCCCCc1ccc[nH]1,c1cc[nH]c1CCCCCC,100-121-1,alkylpyrrole_6,,soil_dt50,327.5,days,2.515211304327802,,soil,,,soil,,degradation,EAWAG-SOIL via enviPath,https://envipath.org,study_0303,1997,2,single,0.03314563036811942,,study_0303
LWKKQSGNDZXJEO-UHFFFAOYSA-N,CCCCCCCc1ccc[nH]1,c1cc[nH]c1CCCCCCC,100-122-0,alkylpyrrole_7,,soil_dt50,315.0,days,2.4983105537896004,,soil,,,soil,,degradation,EAWAG-SOIL via enviPath,https://envipath.org,study_0304,1997,3,single,0.045454545454545456,,study_0304
LWKKQSGNDZXJEO-UHFFFAOYSA-N,CCCCCCCc1ccc[nH]1,c1cc[nH]c1CCCCCCC,100-122-1,alkylpyrrole_7,,soil_dt50,330.0,days,2.5185139398778875,,soil,,,soil,,degradation,EAWAG-SOIL via enviPath,https://envipath.org,study_0305,1998,3,single,0.045454545454545456,,study_0305
LWKKQSGNDZXJEO-UHFFFAOYSA-N,CCCCCCCc1ccc[nH]1,c1cc[nH]c1CCCCCCC,100-122-2,alkylpyrrole_7,,soil_dt50,345.0,days,2.537819095073274,,soil,,,soil,,degradation,EAWAG-SOIL via enviPath,https://envipath.org,study_0306,1999,3,single,0.045454545454545456,,study_0306
QUKGVEYDVQUXJG-UHFFFAOYSA-N,CCCCCCCCc1ccc[nH]1,c1cc[nH]c1CCCCCCCC,100-123-0,alkylpyrrole_8,,soil_dt50,317.5,days,2.5017437296279943,,soil,,,soil,,degradation,EAWAG-SOIL via enviPath,https://envipath.org,study_0307,1998,4,single,0.05695563744422672,,study_0307
QUKGVEYDVQUXJG-UHFFFAOYSA-N,CCCCCCCCc1ccc[nH]1,c1cc[nH]c1CCCCCCCC,100-123-1,alkylpyrrole_8,,soil_dt50,332.5,days,2.5217916496391233,,soil,,,soil,,degradation,EAWAG-SOIL via enviPath,https://envipath.org,study_0308,1999,4,single,0.05695563744422672,,study_0308
QUKGVEYDVQUXJG-UHFFFAOYSA-N,CCCCCCCCc1ccc[nH]1,c1cc[nH]c1CCCCCCCC,100-123-2,alkylpyrrole_8,,soil_dt50,347.5,days,2.5409548089261325,,soil,,,soil,,degradation,EAWAG-SOIL via enviPath,https://envipath.org,study_0309,2000,4,single,0.05695563744422672,,study_0309
QUKGVEYDVQUXJG-UHFFFAOYSA-N,CCCCCCCCc1ccc[nH]1,c1cc[nH]c1CCCCCCCC,100-123-3,alkylpyrrole_8,,soil_dt50,362.5,days,2.5593080109070123,,soil,,,soil,,degradation,EAWAG-SOIL via enviPath,https://envipath.org,study_0310,2001,4,single,0.05695563744422672,,study_0310
GPRHFTZHIFMTGJ-UHFFFAOYSA-N,CCCCCCCCCc1ccc[nH]1,c1cc[nH]c1CCCCCCCCC,100-124-0,alkylpyrrole_9,,soil_dt50,320.0,days,2.505149978319906,,soil,,,soil,,degradation,EAWAG-SOIL via enviPath,https://envipath.org,study_0311,1999,1,single,,,study_0311
QSKPVZRYZYDVHZ-UHFFFAOYSA-N,CCCCCCCCCCc1ccc[nH]1,c1cc[nH]c1CCCCCCCCCC,100-125-0,alkylpyrrole_10,,soil_dt50,322.5,days,2.5085297189712867,,soil,,,soil,,degradation,EAWAG-SOIL via enviPath,https://envipath.org,study_0312,2000,2,single,0.03214121732666125,,study_0312
QSKPVZRYZYDVHZ-UHFFFAOYSA-N,CCCCCCCCCCc1ccc[nH]1,c1cc[nH]c1CCCCCCCCCC,100-125-1,alkylpyrrole_10,,soil_dt50,337.5,days,2.5282737771670436,,soil,,,soil,,degradation,EAWAG-SOIL via enviPath,https://envipath.org,study_0313,2001,2,single,0.03214121732666125,,study_0313
LIZHBNXWXKXCEF-UHFFFAOYSA-N,CCCCCCCCCCCc1ccc[nH]1,c1cc[nH]c1CCCCCCCCCCC,100-126-0,alkylpyrrole_11,,soil_dt50,325.0,days,2.5118833609788744,,soil,,,soil,,degradation,EAWAG-SOIL via enviPath,https://envipath.org,study_0314,2001,3,single,0.04411764705882353,,study_0314
LIZHBNXWXKXCEF-UHFFFAOYSA-N,CCCCCCCCCCCc1ccc[nH]1,c1cc[nH]c1CCCCCCCCCCC,100-126-1,alkylpyrrole_11,,soil_dt50,340.0,days,2.531478917042255,,soil,,,soil,,degradation,EAWAG-SOIL via enviPath,https://envipath.org,study_0315,2002,3,single,0.04411764705882353,,study_0315
LIZHBNXWXKXCEF-UHFFFAOYSA-N,CCCCCCCCCCCc1ccc[nH]1,c1cc[nH]c1CCCCCCCCCCC,100-126-2,alkylpyrrole_11,,soil_dt50,355.0,days,2.550228353055094,,soil,,,soil,,degradation,EAWAG-SOIL via enviPath,https://envipath.org,study_0316,2003,3,single,0.04411764705882353,,study_0316
GTXIYTMABDZZGQ-UHFFFAOYSA-N,CCCCCCCCCCCCc1ccc[nH]1,c1cc[nH]c1CCCCCCCCCCCC,100-127-0,alkylpyrrole_12,,soil_dt50,327.5,days,2.515211304327802,,soil,,,soil,,degradation,EAWAG-SOIL via enviPath,https://envipath.org,study_0317,2002,4,single,0.055328333517248814,,study_0317
GTXIYTMABDZZGQ-UHFFFAOYSA-N,CCCCCCCCCCCCc1ccc[nH]1,c1cc[nH]c1CCCCCCCCCCCC,100-127-1,alkylpyrrole_12,,soil_dt50,342.5,days,2.534660575828444,,soil,,,soil,,degradation,EAWAG-SOIL via enviPath,https://envipath.org,study_0318,2003,4,single,0.055328333517248814,,study_0318
GTXIYTMABDZZGQ-UHFFFAOYSA-N,CCCCCCCCCCCCc1ccc[nH]1,c1cc[nH]c1CCCCCCCCCCCC,100-127-2,alkylpyrrole_12,,soil_dt50,357.5,days,2.5532760461370994,,soil,,,soil,,degradation,EAWAG-SOIL via enviPath,https://envipath.org,study_0319,2004,4,single,0.055328333517248814,,study_0319
GTXIYTMABDZZGQ-UHFFFAOYSA-N,CCCCCCCCCCCCc1ccc[nH]1,c1cc[nH]c1CCCCCCCCCCCC,100-127-3,alkylpyrrole_12,,soil_dt50,372.5,days,2.5711262770843115,,soil,,,soil,,degradation,EAWAG-SOIL via enviPath,https://envipath.org,study_0320,2005,4,single,0.055328333517248814,,study_0320
ZROPTQZLMCPTEQ-UHFFFAOYSA-N,CCCCCCCCCCCCCc1ccc[nH]1,c1cc[nH]c1CCCCCCCCCCCCC,100-128-0,alkylpyrrole_13,,soil_dt50,330.0,days,2.5185139398778875,,soil,,,soil,,degradation,EAWAG-SOIL via enviPath,https://envipath.org,study_0321,2003,1,single,,,study_0321
DZYXJQYBTROKGJ-UHFFFAOYSA-N,CCCCCCCCCCCCCCc1ccc[nH]1,c1cc[nH]c1CCCCCCCCCCCCCC,100-129-0,alkylpyrrole_14,,soil_dt50,332.5,days,2.5217916496391233,,soil,,,soil,,degradation,EAWAG-SOIL via enviPath,https://envipath.org,study_0322,2004,2,single,0.031195887405288864,,study_0322
DZYXJQYBTROKGJ-UHFFFAOYSA-N,CCCCCCCCCCCCCCc1ccc[nH]1,c1cc[nH]c1CCCCCCCCCCCCCC,100-129-1,alkylpyrrole_14,,soil_dt50,347.5,days,2.5409548089261325,,soil,,,soil,,degradation,EAWAG-SOIL via enviPath,https://envipath.org,study_0323,2005,2,single,0.031195887405288864,,study_0323
ZCYQSDOHPPOIKW-UHFFFAOYSA-N,CCCCCCCCCCCCCCCc1ccc[nH]1,c1cc[nH]c1CCCCCCCCCCCCCCC,100-130-0,alkylpyrrole_15,,soil_dt50,335.0,days,2.525044807036845,,soil,,,soil,,degradation,EAWAG-SOIL via enviPath,https://envipath.org,study_0324,2005,3,single,0.04285714285714286,,study_0324
ZCYQSDOHPPOIKW-UHFFFAOYSA-N,CCCCCCCCCCCCCCCc1ccc[nH]1,c1cc[nH]c1CCCCCCCCCCCCCCC,100-130-1,alkylpyrrole_15,,soil_dt50,350.0,days,2.5440680443502757,,soil,,,soil,,degradation,EAWAG-SOIL via enviPath,https://envipath.org,study_0325,2006,3,single,0.04285714285714286,,study_0325
ZCYQSDOHPPOIKW-UHFFFAOYSA-N,CCCCCCCCCCCCCCCc1ccc[nH]1,c1cc[nH]c1CCCCCCCCCCCCCCC,100-130-2,alkylpyrrole_15,,soil_dt50,365.0,days,2.5622928644564746,,soil,,,soil,,degradation,EAWAG-SOIL via enviPath,https://envipath.org,study_0326,2007,3,single,0.04285714285714286,,study_0326
BOGUPGVJPYQSQC-UHFFFAOYSA-N,CCCCCCCCCCCCCCCCc1ccc[nH]1,c1cc[nH]c1CCCCCCCCCCCCCCCC,100-131-0,alkylpyrrole_16,,soil_dt50,337.5,days,2.5282737771670436,,soil,,,soil,,degradation,EAWAG-SOIL via enviPath,https://envipath.org,study_0327,2006,4,single,0.0537914353639919,,study_0327
BOGUPGVJPYQSQC-UHFFFAOYSA-N,CCCCCCCCCCCCCCCCc1ccc[nH]1,c1cc[nH]c1CCCCCCCCCCCCCCCC,100-131-1,alkylpyrrole_16,,soil_dt50,352.5,days,2.5471591213274176,,soil,,,soil,,degradation,EAWAG-SOIL via enviPath,https://envipath.org,study_0328,2007,4,single,0.0537914353639919,,study_0328
BOGUPGVJPYQSQC-UHFFFAOYSA-N,CCCCCCCCCCCCCCCCc1ccc[nH]1,c1cc[nH]c1CCCCCCCCCCCCCCCC,100-131-2,alkylpyrrole_16,,soil_dt50,367.5,days,2.5652573434202135,,soil,,,soil,,degradation,EAWAG-SOIL via enviPath,https://envipath.org,study_0329,2008,4,single,0.0537914353639919,,study_0329
BOGUPGVJPYQSQC-UHFFFAOYSA-N,CCCCCCCCCCCCCCCCc1ccc[nH]1,c1cc[nH]c1CCCCCCCCCCCCCCCC,100-131-3,alkylpyrrole_16,,soil_dt50,382.5,days,2.5826314394896364,,soil,,,soil,,degradation,EAWAG-SOIL via enviPath,https://envipath.org,study_0330,2009,4,single,0.0537914353639919,,study_0330
AYXRRAHHGYFDAQ-UHFFFAOYSA-N,CCCCCCCCCCCCCCCCCc1ccc[nH]1,c1cc[nH]c1CCCCCCCCCCCCCCCCC,100-132-0,alkylpyrrole_17,,soil_dt50,340.0,days,2.531478917042255,,soil,,,soil,,degradation,EAWAG-SOIL via enviPath,https://envipath.org,study_0331,2007,1,single,,,study_0331
BLDGTTBQSUTRDG-UHFFFAOYSA-N,CCCCCCCCCCCCCCCCCCc1ccc[nH]1,c1cc[nH]c1CCCCCCCCCCCCCCCCCC,100-133-0,alkylpyrrole_18,,soil_dt50,342.5,days,2.534660575828444,,soil,,,soil,,degradation,EAWAG-SOIL via enviPath,https://envipath.org,study_0332,2008,2,single,0.030304576336566323,,study_0332
BLDGTTBQSUTRDG-UHFFFAOYSA-N,CCCCCCCCCCCCCCCCCCc1ccc[nH]1,c1cc[nH]c1CCCCCCCCCCCCCCCCCC,100-133-1,alkylpyrrole_18,,soil_dt50,357.5,days,2.5532760461370994,,soil,,,soil,,degradation,EAWAG-SOIL via enviPath,https://envipath.org,study_0333,2009,2,single,0.030304576336566323,,study_0333
GCYGNFCKKBWICB-UHFFFAOYSA-N,CCCCCCCCCCCCCCCCCCCc1ccc[nH]1,c1cc[nH]c1CCCCCCCCCCCCCCCCCCC,100-134-0,alkylpyrrole_19,,soil_dt50,345.0,days,2.537819095073274,,soil,,,soil,,degradation,EAWAG-SOIL via enviPath,https://envipath.org,study_0334,2009,3,single,0.041666666666666664,,study_0334
GCYGNFCKKBWICB-UHFFFAOYSA-N,CCCCCCCCCCCCCCCCCCCc1ccc[nH]1,c1cc[nH]c1CCCCCCCCCCCCCCCCCCC,100-134-1,alkylpyrrole_19,,soil_dt50,360.0,days,2.5563025007672873,,soil,,,soil,,degradation,EAWAG-SOIL via enviPath,https://envipath.org,study_0335,2010,3,single,0.041666666666666664,,study_0335
GCYGNFCKKBWICB-UHFFFAOYSA-N,CCCCCCCCCCCCCCCCCCCc1ccc[nH]1,c1cc[nH]c1CCCCCCCCCCCCCCCCCCC,100-134-2,alkylpyrrole_19,,soil_dt50,375.0,days,2.574031267727719,,soil,,,soil,,degradation,EAWAG-SOIL via enviPath,https://envipath.org,study_0336,2011,3,single,0.041666666666666664,,study_0336
